Название региона или Федерального округа,Период,"Число музеев,филиалов и структурных подразделений, ед.  ","Число музеев, ед.  ","Число филиалов, ед.  ","Число структурных подразделений, ед.  ","из общего числа музеев имеют музейные предметы, внесенных в АМС, ед. ",из общего числа музеев имеют предметы в цифровом изображении ,"из общего числа музеев имеют предметы в цифровом изображении, доступные в  Интернете 
на различных сайтах/порталах ","из общего числа музеев имеют музейные предметы, внесенные в электронный каталог ","Общий объем музейного фонда на конец года, ед.  ","из общего объема музейного фонда на конец года, ед. предметы, содержащие драгоценные металлы и камни ","из общего объема музейного фонда на конец года, ед. число предметов, включенных в состав государ-ственной части Музейного фонда Российской Федерации ","из общего объема музейного фонда на конец года, ед. число предметов, включенных в состав негосудар-ственной части Музейного фонда Российской Федерации ","из общего объема музейного фонда на конец года, ед. число предметов, являющихся федеральной собствен-ностью, переданных музею в оперативное управление или безвозмездное пользование ","из общего объема музейного фонда на конец года, ед. число предметов, являющихся собственностью субъекта Российской Федерации, переданных музею в оперативное управление или безвозмездное пользование ","из общего объема музейного фонда на конец года, ед. число предметов, являющихся муниципальной собствен-ностью, переданных музею в оперативное управление или безвозмездное пользование ","из общего объема музейного фонда на конец года, ед. число предметов, являющихся частной собственностью ","из общего объема музейного фонда на конец года, ед. число предметов, включенных в экспозицию (выставку) для восприятия слепыми и слабовидя-щими ","Число предметов основного фонда на конец года, ед.  ","из общего числа предметов основного фонда, ед. предметы, содержащие драгоценные металлы и камни ","из общего числа предметов основного фонда, ед. число предметов, включенных в состав государ-ственной части Музейного фонда Российской Федерации ","из общего числа предметов основного фонда, ед. число предметов, включенных в состав негосудар-ственной части Музейного фонда Российской Федерации ","из общего числа предметов основного фонда, ед. число предметов, являющихся федеральной собствен-ностью, переданных музею в оперативное управление или безвозмездное пользование ","из общего числа предметов основного фонда, ед. число предметов, являющихся собственностью субъекта Российской Федерации, переданных музею в оперативное управление или безвозмездное пользование ","из общего числа предметов основного фонда, ед. число предметов, являющихся муниципальной собствен-ностью, переданных музею в оперативное управление или безвозмездное пользование ","из общего числа предметов основного фонда, ед. число предметов, являющихся частной собственностью ","из общего числа предметов основного фонда, ед. число предметов, включенных в экспозицию (выставку) для восприятия слепыми и слабовидя-щими ","Число предметов основного фонда, которые экспониро-вались в течение отчетного года, ед.  ","Число предметов научно-вспомога-тельного фонда на конец года, ед.  ","из общего числа предметов научно-вспомогательного фонда, ед. число предметов, содержащие драгоценные металлы и камни ","из общего числа предметов научно-вспомогательного фонда, ед. число предметов, включенных в состав государ-ственной части Музейного фонда Российской Федерации ","из общего числа предметов научно-вспомогательного фонда, ед. число предметов, включенных в состав негосудар-ственной части Музейного фонда Российской Федерации ","из общего числа предметов научно-вспомогательного фонда, ед. число предметов, являющихся федеральной собствен-ностью, переданных музею в оперативное управление или безвозмездное пользование ","из общего числа предметов научно-вспомогательного фонда, ед. число предметов, являющихся собствен-ностью субъекта Российской Федерации, переданных музею в оперативное управление или безвозмездное пользование ","из общего числа предметов научно-вспомогательного фонда, ед. число предметов, являющихся муниципальной собствен-ностью, переданных музею в оперативное управление или безвозмездное пользование ","из общего числа предметов научно-вспомогательного фонда, ед. число предметов, являющихся частной собственностью ","из общего числа предметов научно-вспомогательного фонда, ед. число предметов, включенных в экспозицию (выставку) для восприятия слепыми и слабовидящими ","Число предметов основного фонда, требующих реставрации, ед.  ","Число предметов основного фонда, требующих реставрации, ед.  ","Число предметов основного фонда, требующих реставрации, ед.  ","Число предметов основного фонда, требующих реставрации, ед.  ","Число музеев, имеющих автоматизированную технологию обработки поступлений и ведения электронного каталога музейных предметов ","Число музеев, имеющих автоматизированную технологию для работы посетителей с электронными ресурсами музея ","Число музеев, имеющих доступ в Интернет ","Число музеев, имеющих доступ в Интернет для посетителей ","Число музеев, имеющих собственный Интернет – сайт или  Интернет - страницу ","Число музеев, имеющих собственный Интернет – сайт или  Интернет - страницу, доступные для слепых и слабовидящих ","Число музейных предметов, внесенных в  АМС, ед.  ","из них предметов, имеющих цифровые изображения  ",из них доступных в Интернете  ,"Число музейных предметов, внесенных в Государ-ственный электронный каталог, ед.  ","Общая площадь территории музеев, га  ","Общая площадь помещений (зданий), кв. м.  ",из общей площади помещений экспози-ционно-выставочная площадь ,из общей площади помещений площадь под хранение фондов ,"Число строений, ед. всего ","Число строений, ед. объекты культурного наследия федераль-ного значения","Число строений, ед.  региональ-ного значения","Число строений, ед. техническое состояние помещений требуют капиталь-ного ремонта","Число строений, ед. техническое состояние помещений аварийные","Число строений, ед. по форме владения в оперативном управлении","Число строений, ед. по форме владения арендованные","Число строений, ед. по форме владения прочие","Число строений, ед. с безбарьерной средой для инвалидов и лиц с нарушениями зрения","Число строений, ед. с безбарьерной средой для инвалидов и лиц с нарушениями слуха","Число строений, ед. с безбарьерной средой для инвалидов и лиц с нарушениями опорно-двигатель-ного аппарата","Характеристики по видам охраны сторожевая (музея) количество постов, ед.","Характеристики по видам охраны сторожевая (музея) численность сотрудников охраны, чел.","Характеристики по видам охраны сторожевая (вневедомственная) количество постов, ед.","Характеристики по видам охраны сторожевая (вневедомственная) численность сотрудников охраны, чел.","Характеристики по видам охраны Постовые войск национальной гвардии (Росгвардии) количество постов, ед.","Характеристики по видам охраны Постовые войск национальной гвардии (Росгвардии) численность сотрудников охраны, чел.","Характеристики по видам охраны пожарная количество постов, ед.","Характеристики по видам охраны пожарная численность сотрудников охраны, чел.","Характеристики по видам охраны система видеонаблюдения площадь помещений, находящихся под контролем, кв. м.","Характеристики по видам охраны система видеонаблюдения площадь открытой территории, находящейся под контролем, га","Характеристики по видам охраны система автоматизированного контроля и управления доступом в местах прохода персонала (посетителей) площадь помещений, находящихся под контролем, кв. м.","Характеристики по видам охраны система автоматизированного контроля и управления доступом в местах прохода персонала (посетителей) площадь открытой территории, находящейся под контролем, га","Характеристики по видам охраны система контроля температурно-влажностного режима площадь помещений, находящихся под контролем, кв. м.","Характеристики по видам охраны система контроля температурно-влажностного режима площадь помещений, находящихся под контролем, кв. м.","Площади музеев, кв. м.,  оборудованнные пожарной сигнализацией с выводом на пункт центрального наблюдения ","Площади музеев, кв. м.,  оборудованнные пожарной сигнализацией с автоматическими установками пожаротушения всего","Площади музеев, кв. м.,  оборудованнные пожарной сигнализацией с автоматическими установками пожаротушения в фондах","Площади музеев, кв. м.,  оборудованнные пожарной сигнализацией с автоматическими установками пожаротушения в экспозиции","Площади музеев, кв. м.,  оборудованнные пожарной сигнализацией с автоматическими установками пожаротушения в реставрационных лабораториях и мастерских","Число посещений, тыс. чел. всего ","Число посещений, тыс. чел. число индивидуальных посещений выставок и экспозиций всего","Число посещений, тыс. чел. число индивидуальных посещений выставок и экспозиций посетителей льготных категорий","Число посещений, тыс. чел. число индивидуальных посещений выставок и экспозиций лицами в возрасте до 16 лет","Число посещений, тыс. чел. число экскурсионных посещений всего","Число посещений, тыс. чел. число экскурсионных посещений посетителей льготных категорий","Число посещений, тыс. чел. число экскурсионных посещений лицами в возрасте до 16 лет","Кроме того, число посещений выставок вне музеев, тыс. чел.  ","Число экскурсий, ед.  ","Число массовых мероприятий музеев, ед.  ","Численность участников массовых мероприятий, тыс. чел.  ","Число культурно-образовательных программ, ед.  ","Численность участников культурно-образовательных программ, тыс.чел.  ","Число посещений музея всего, тыс.чел.  (сумма граф 85, 95, 97)  ","Число выставок - всего, ед.  ",из общего числа выставок открытых в отчетном году ,из общего числа выставок выставок (экспозиций) для лиц с нарушением зрения ,"Число экспозиций - всего, ед.  ",из общего числа экспозиций открытых в отчетном году ,из общего числа экспозиций выставок (экспозиций) для лиц с нарушением зрения ,из общего числа выставок проведены в музее из собственных фондов,из общего числа выставок проведены  с привлече-нием других фондов,из общего числа выставок проведены вне музея всего,из общего числа выставок проведены вне музея в других регионах Российской Федерации,из общего числа выставок проведены вне музея за рубежом,"Численность работников - всего, чел.  ","Численность сотрудников по штатному расписанию, чел.  ",Из них фактически работающих по штатному расписанию   ,Из общей численности работников - основной персонал  ,из числа основного персонала имеют образование высшее всего,из числа основного персонала имеют образование высшее имеют ученую степень,из числа основного персонала имеют образование среднее професси-ональное ,из числа штатного персонала имеют музейный стаж до 3 лет ,из числа штатного персонала имеют музейный стаж до 3 лет ,из числа штатного персонала имеют музейный стаж до 3 лет ,Из общей численности работников - количество инвалидов и лиц с нарушениями  ,Из общей численности работников - прошли обучение (инструктирование) по вопросам предостав-ления услуг инвалидам и лицам с ОВЗ  ,"Поступило финансовых средств за год, всего, тыс. руб.  ",из поступивших за год финансовых средств бюджетные ассигнования  учредителя ,"из поступивших за год финансовых средств бюджетные ассигнования  учредителя, в т.ч. субсидий на финансовое обеспечения выполнения госзадания ","из поступивших за год финансовых средств бюджетные ассигнования  учредителя, в т.ч. субсидий представляемых в соответствии с абз.2 п.1 ст.78.1 БК РФ ","из поступивших за год финансовых средств бюджетные ассигнования  учредителя, в т.ч. субсидий на осуществление капитальных вложений ","из поступивших за год финансовых средств бюджетные ассигнования  учредителя, в т.ч. грантов в форме субсидий ",из поступивших за год финансовых средств финанси-рование из бюджетов других уровней ,из поступивших за год финансовых средств поступления от оказания услуг на платной основе и от иной приносящей доход деятельности всего,из поступивших за год финансовых средств поступления от оказания услуг на платной основе и от иной приносящей доход деятельности от основных видов уставной деятельности,из поступивших за год финансовых средств поступления от оказания услуг на платной основе и от иной приносящей доход деятельности благотвори-тельные и спонсорские вклады,из поступивших за год финансовых средств поступления от оказания услуг на платной основе и от иной приносящей доход деятельности от иной приносящей доход  деятельности,из поступивших за год финансовых средств поступления от оказания услуг на платной основе и от иной приносящей доход деятельности от сдачи имущества в аренду,из поступивших за год финансовых средств от реализации ценных бумаг ,"Израсхо-довано за год финансовых средств, всего, тыс. руб.  ","из израсходованных за год финансовых средств, тыс. руб. расходы на оплату труда всего","из израсходованных за год финансовых средств, тыс. руб. расходы на оплату труда из них 
за счет средств, полученных от предпринимательской деятельности и сдачи имущества в аренду
","из израсходованных за год финансовых средств, тыс. руб. расходы на оплату труда расходы на оплату труда основному персоналу","из израсходованных за год финансовых средств, тыс. руб. расходы на оплату труда из них 
за счет средств, полученных от предпринимательской деятельности и сдачи имущества в аренду
","из израсходованных за год финансовых средств, тыс. руб. на капитальный ремонт и реставрацию всего","из израсходованных за год финансовых средств, тыс. руб. на капитальный ремонт и реставрацию из них 
за счет средств, полученных от предпринимательской деятельности и сдачи имущества в аренду
","из израсходованных за год финансовых средств, тыс. руб. на приобретение (замену) оборудования всего","из израсходованных за год финансовых средств, тыс. руб. на приобретение (замену) оборудования из них для улучшения условий доступности для инвалидов и лиц с ОВЗ","из израсходованных за год финансовых средств, тыс. руб. на приобретение (замену) оборудования из них 
за счет средств, полученных от предпринимательской деятельности и сдачи имущества в аренду
","из израсходованных за год финансовых средств, тыс. руб. на пополнение фонда музея всего","из израсходованных за год финансовых средств, тыс. руб. на пополнение фонда музея из них 
за счет средств, полученных от предпринимательской деятельности и сдачи имущества в аренду
","из израсходованных за год финансовых средств, тыс. руб. на организацию и проведение выставок всего","из израсходованных за год финансовых средств, тыс. руб. на организацию и проведение выставок из них 
за счет средств, полученных от предпринимательской деятельности и сдачи имущества в аренду
","из израсходованных за год финансовых средств, тыс. руб. на реставрацию предметов основного и научно-вспомогательного фондов всего","из израсходованных за год финансовых средств, тыс. руб. на реставрацию предметов основного и научно-вспомогательного фондов из них 
за счет средств, полученных от предпринимательской деятельности и сдачи имущества в аренду
","из израсходованных за год финансовых средств, тыс. руб. на информатизацию музейной деятельности, в т.ч. создание электронных каталогов и оцифровку музейного фонда всего","из израсходованных за год финансовых средств, тыс. руб. на информатизацию музейной деятельности, в т.ч. создание электронных каталогов и оцифровку музейного фонда из них 
за счет средств, полученных от предпринимательской деятельности и сдачи имущества в аренду
","из израсходованных за год финансовых средств, тыс. руб. на обеспечение безопасности экспозиции, фондохранилищ, посетителей всего","из израсходованных за год финансовых средств, тыс. руб. на обеспечение безопасности экспозиции, фондохранилищ, посетителей из них 
за счет средств, полученных от предпринимательской деятельности и сдачи имущества в аренду
"
Всего по Российской Федерации,2021,2981,1882,736,363,1607,1485,1322,2186,93532944,3217718,53804069,8270229,45225311,10042915,6100933,138794,115609,69924109,3094783,52534493,7334815,43468260,7739934,4720976,116774,81212,7046810,23608835,122935,1269576,935414,1757051,2302981,1379957,22020,34397,6484262,48866,1455090,39085,1607,577,2737,971,2638,1703,55007954,34295342,20728626,30068197,443526.87,6313945.38,2039039.58,528181.4,12622,2961,2597,3539,692,10912,430,1280,1135,1642,1928,2323,6465,1417,3176,445,1324,432,1344,2429988,71563.6,1328044,2740.18,1258186,1023389,4094527.38,1026243,241092,370484,37969,95427.6,68381.4,25288.2,16030.5,27046.2,9050.7,10865,43427.3,2077289,79413,11023.6,302315,7611.7,114062.9,75855,64636,1522,19578,4007,779,38383,19674,17798,1832,207,77228,82838,74192,46298,33863,2036,8137,20500,26004,26431,2520,8199,96571559,76069025,60497537,10369824,2705172,696722,856717,19644366,12815109,2119245,4414084,843442,1451,96237173,54716305,8763897,34638916,4900969,6756208,778191,3209118,34869,775870,429703,147065,3626486,908488,563560,34290,459163,149509,3538212,428896
Центральный федеральный округ,2021,721,442,211,68,399,390,347,547,31333830,1392129,21287654,1359449,18788209,2665321,1272882,36819,37598,24525347,1391963,21176153,1161567,18516453,2359005,1017914,29318,14007,1634172,6808483,166,111501,197882,271756,306316,254968,7501,23591,2951355,17368,366095,13992,399,163,679,312,671,499,20692019,13027984,7770006,11214695,14084.43,2120693,658813,178182,3437,838,532,863,125,2763,124,550,428,549,589,787,2203,505,998,194,612,121,442,933010,33291.9,635222,2148.24,496387,429574,1341283,423271,86620,124545,13119,27539.4,20685.3,8294.9,4639,6854.1,2508.3,2943.7,11663.6,587861,23950,3981.7,82559,1739.6,33260.7,15925,13761,360,4739,1369,204,7199,5551,3175,866,99,26770,28955,25668,15439,11544,796,2643,7321,8780,9241,750,3094,41406577,33511621,26464792,5081264,1501621,6593,114684,7780272,4852583,643668,2153157,584263,0,41419798,21355958,3511558,12565016,1912980,2721642,182504,1451844,8843,246287,123849,30226,2167269,432041,126808,12281,245112,67629,1640763,228694
Белгородская обл.,2021,45,31,12,2,38,37,36,40,696724,5109,281101,223566,158344,77954,244117,0,1252,511196,5109,281101,220145,158344,77954,217192,0,1064,132864,185528,0,0,3421,0,0,26925,0,188,5409,257,33647,250,38,28,43,33,43,41,577142,527931,364795,421793,60.49,57402,21040,2893,81,4,24,17,1,74,4,3,23,25,32,26,76,14,29,4,12,7,18,31167,19.05,7491,9,6936,6066,47709,6700,1271,4385,876,1062.2,466,129.1,189,596.2,87.9,413.8,348.2,47606,1640,201.8,16132,257.3,1521.3,1479,1398,85,135,42,8,860,291,328,6,0,820,824,798,515,375,4,85,236,244,317,34,97,647071,556584,478928,21917,0,654,780,89707,41044,3553,45000,2898,0,634646,402958,31163,258235,7512,13474,0,13922,496,3199,7784,609,6826,528,800,97,569,157,15675,1541
Брянская обл.,2021,33,17,14,2,15,13,12,29,564437,50914,356635,20536,300118,49745,18656,0,6111,429981,50914,356635,20536,300118,49745,18656,0,5751,78994,134456,0,0,0,0,0,0,0,360,29858,25,12252,25,15,2,33,8,33,19,123587,53181,30465,204874,129.58,33117,14505,1775,63,3,6,26,2,54,2,7,6,5,15,3,9,14,28,2,2,9,20,10240,15.49,151,0,6167,1803,20506,3443,432,2710,0,526.5,271.8,143.4,169.2,254.7,94.2,131.7,141.7,13358,1630,93.4,1790,59.5,679.4,1180,1040,44,356,206,31,895,199,86,26,1,328,361,322,228,157,2,61,64,111,142,12,31,210342,186992,168131,16245,0,0,3,23347,15096,400,7757,204,0,208199,139579,4166,67775,1712,7694,90,4108,114,1520,332,232,4571,2047,545,0,43,0,6817,214
Владимирская обл.,2021,24,24,,0,13,13,12,16,936433,34969,497176,118312,488002,21220,104961,1665,22,690251,34969,497176,105926,488002,21220,67948,0,0,60336,246182,0,0,12386,0,0,37013,1665,22,55141,1146,7296,974,13,5,24,9,24,21,652966,414198,268596,520466,86.63,70734,21344,8376,177,73,50,49,6,165,9,3,8,10,11,5,10,8,26,11,70,3,177,21596,10.22,1831,1.5,6314,1440,47139,3173,1439,1181,213,1529.8,1194.4,213.1,182.2,335.4,53.5,135.2,50.8,27458,603,45,2311,50.5,1625.3,489,392,6,212,34,7,210,214,65,17,1,1008,924,874,670,434,4,157,265,245,361,21,140,811164,508171,459466,32567,3015,1465,30641,272352,255290,528,15902,643,0,914505,533021,184587,362834,124220,10406,2127,40444,878,3057,5763,603,12064,4467,1858,67,4993,316,36435,2257
Воронежская обл.,2021,27,20,,7,16,16,14,21,608944,21205,286637,3445,252722,40230,52154,227,115,384459,21205,286637,3445,252722,40230,43919,227,115,68602,224485,0,0,0,0,0,8235,0,0,31078,2,12841,2,16,2,26,9,25,19,233900,180504,86507,188020,855.88,29566,13984,2403,67,8,20,23,1,63,4,0,19,24,18,4,13,26,66,2,5,5,13,9998,4.01,0,0,8703,2218,19030,1237,54,1159,0,738.9,549.8,309.9,182.7,189.1,56.7,62.4,117.4,23290,633,43.1,1340,37.9,819.9,574,465,1,185,16,15,314,169,91,23,0,436,455,427,201,180,21,16,141,148,86,9,55,336303,284834,200952,25242,10111,0,1456,50013,33010,10997,6006,189,0,308218,195818,17060,93875,6869,0,0,22781,172,11390,489,59,5466,2097,0,0,460,168,15198,496
Ивановская обл.,2021,22,21,1,0,13,12,12,18,1119842,34437,988668,33994,852366,116334,49207,0,3524,1024046,34437,932702,31936,850713,63543,41657,0,2873,42772,95796,0,55966,2058,1653,52791,7550,0,651,44304,165,3338,80,13,3,22,13,22,20,310698,205940,110412,168964,11,32338,12412,3132,56,8,26,17,2,50,1,5,12,12,14,6,21,12,31,0,0,1,1,18447,5645.19,234,0,4612,8629,30124,6066,1567,4067,0,382.6,271,114.9,88.8,111.6,23,41.4,120.3,11644,393,33.8,684,16,432.4,410,341,15,130,68,3,161,206,43,14,0,511,731,489,218,170,6,40,97,137,191,13,56,314664,263713,220245,18888,507,0,2615,48336,26287,593,21182,220,0,305115,190189,21108,106525,10923,8894,472,4958,14,2277,711,710,6821,2145,935,0,679,134,22198,376
Калужская обл.,2021,38,12,25,1,11,10,8,25,491940,26721,242438,30333,136330,28533,88717,0,15,307216,26721,239378,30333,136330,28533,75071,0,15,32489,184724,0,3060,0,0,0,13646,0,0,38157,236,14055,209,11,8,33,14,37,9,158787,129175,113151,148989,68.93,55399,22691,2799,76,18,9,22,5,65,4,7,16,21,31,5,9,3,3,3,5,0,0,27578,12.52,15116,0,2579,2069,44247,6837,835,5864,48,949.4,654.2,313.9,225,295.2,154.2,132.2,99.5,25639,791,157.2,4932,67,1173.6,876,797,16,139,33,4,286,454,136,32,0,463,646,459,349,189,6,78,175,142,140,19,32,666347,551427,389017,161394,0,0,284,114636,96829,270,17165,372,0,947028,277424,45380,150220,23420,11801,1557,146288,700,7475,2193,941,358458,4266,3399,67,5648,767,22864,2945
Костромская обл.,2021,29,18,9,2,14,14,5,20,688589,27711,470206,2653,424247,225370,22744,0,54,494572,27711,470206,2517,424185,46112,13131,0,54,23717,194017,0,0,136,62,179258,9613,0,0,53735,209,3793,199,14,2,28,6,24,12,257422,132700,35646,96732,280.41,35405,15421,6809,120,43,30,76,2,112,2,6,5,5,7,3,7,17,53,2,9,18,21,21364,21.18,4836,0,5649,3075,19795,5231,2294,645,0,439.2,317,81.7,100.9,122.2,21.6,32.6,16.1,10838,637,18,2321,42,499.2,624,472,1,181,47,5,291,225,108,23,1,529,580,524,250,150,10,74,124,189,211,18,287,313521,263783,231213,10733,0,111,6850,42888,30909,589,10593,265,0,313303,184210,11120,66057,2777,8001,4290,5025,0,2976,625,625,9461,4426,827,317,1169,1078,40804,1297
Курская обл.,2021,37,4,33,0,4,4,4,29,691688,11551,512552,32773,282812,258767,33956,0,173,569203,11551,512104,21099,282812,258505,22282,0,139,81423,122485,0,448,11674,0,262,11674,0,34,27925,680,10605,680,4,6,35,6,35,34,277587,201779,171431,343021,41.01,15045,7600,1478,56,5,10,6,1,53,1,2,7,3,23,14,48,3,4,0,0,0,0,1256,0.41,1256,0.18,0,105,12544,395,395,0,0,410.3,195,102,87.2,215.3,129.4,148.7,142.8,27200,848,39.5,2301,39.2,489,485,468,4,150,0,7,351,110,24,9,0,421,469,419,268,210,9,46,95,133,186,38,20,406187,391188,248311,2011,116288,0,0,14999,10795,3842,361,0,0,397397,200083,1383,195649,1360,8114,0,996,0,196,313,0,2956,2885,213,45,716,137,13136,95
Липецкая обл.,2021,27,5,14,8,18,12,9,12,500839,11642,182104,0,118266,61139,14016,6435,274,248223,11642,182104,0,118266,61139,7708,599,215,58625,252616,0,0,0,0,0,6308,5836,59,2164,24,18343,24,18,2,24,9,17,12,89499,56174,48941,57549,25.44,18763,10428,1147,45,6,14,6,9,44,1,0,10,8,12,2,3,14,19,2,2,8,8,5206,129.24,4766,0,1917,785,15142,1829,550,1154,0,178.9,86.6,35.5,42.4,92.3,21.6,55.5,80.2,6543,475,34.4,711,18.8,232.1,427,386,4,148,28,5,213,163,51,5,0,259,237,219,144,129,7,14,54,52,99,6,43,160833,153020,121866,25090,1200,436,536,7277,4284,1187,1790,15,0,155885,105728,2565,101105,1030,1856,78,3211,0,299,309,78,1779,451,0,0,334,0,6123,917
Московская обл.,2021,103,75,15,13,65,61,57,88,2761046,39252,1432574,383641,1152154,193458,318424,6432,22691,1922365,39252,1395969,366030,1111382,149552,245131,6432,619,250996,838681,0,36605,17611,40772,43906,73293,0,22072,68020,624,45800,601,65,28,101,56,97,71,1075207,922498,773807,863557,3699.05,319298,133756,22362,541,91,72,149,25,509,18,14,68,86,107,112,262,63,137,21,23,2,3,140215,16659.67,32754,32.41,58240,43277,167737,23788,9591,6219,568,4474.3,3282.2,1190.8,791.2,1192.1,585.3,455.2,936.6,100332,2930,859,8783,207.6,5540.9,1795,1512,30,956,202,41,679,816,300,103,1,3739,3978,3539,2195,1589,61,452,1093,1270,1170,88,647,4330904,3520778,3229880,252634,6590,0,8805,801321,556284,5418,230185,11287,0,4428689,2307669,339624,1457981,175897,194510,111804,102620,2145,28591,8663,2286,143651,24046,19501,943,16077,5602,269292,8392
Орловская обл.,2021,19,12,7,0,7,7,6,9,397130,6285,227218,5806,183477,59986,19488,0,0,280752,6285,227218,5806,183477,59986,10683,0,0,24085,116378,0,0,0,0,0,8805,0,0,47683,18,7866,16,7,1,14,4,12,5,228841,124801,106722,132735,95.25,21054,8602,1652,56,17,9,15,3,55,1,0,0,0,3,11,35,5,13,1,11,3,3,3040,420,0,0,2624,0,16248,1589,211,1334,25,223,171.5,46,51.5,51.5,16.9,25.2,40.7,8235,685,29.2,1333,31.4,283.6,344,326,11,99,21,0,158,113,73,13,0,437,462,435,244,184,5,58,98,122,213,15,28,254092,227707,217503,3959,0,0,5503,20882,13304,192,7385,0,0,253825,190244,6761,111053,1034,550,0,4298,0,1473,467,12,834,777,350,0,284,19,2782,54
Рязанская обл.,2021,29,28,1,0,21,20,18,28,586543,30524,341841,94491,323050,37068,22161,0,26,409020,30524,341841,57084,323050,14650,13433,0,25,54632,177523,0,0,37407,0,22418,8728,0,1,7617,135,73072,126,21,6,29,8,28,27,328007,225707,109249,258950,262.22,52099,25150,3805,117,27,18,33,4,106,0,11,21,19,34,23,55,4,12,2,3,0,0,24315,39.55,2868,0.27,18012,8145,36990,2671,2511,122,38,864.5,618.3,202.4,149.3,246.2,70.9,74,124.6,25310,894,89.8,2855,79.5,1033.8,981,875,2,63,9,7,392,341,248,7,0,706,768,700,400,280,10,87,168,260,272,16,57,551753,469480,441757,22227,0,52,8690,73583,59576,3683,10286,330,0,543659,329391,28968,187597,13075,636,0,6164,165,1425,281,182,2582,1595,3790,0,3776,138,26881,286
Смоленская обл.,2021,36,28,8,0,24,18,15,24,957167,46868,522862,53603,348924,25700,0,0,560,576828,46868,517473,48128,348924,24530,0,0,387,51092,380339,0,5389,5475,0,1170,0,0,173,216813,153,19605,141,24,5,33,8,36,32,694619,353166,18482,281387,1091.25,36506,15545,4885,108,36,26,23,3,77,6,25,24,21,40,7,10,15,26,4,15,2,7,7792,15,10803,0,8961,382,13922,10743,2771,7567,242,534.2,414.5,164.4,73.5,119.7,44.1,34.4,348.8,9791,1276,49.6,1380,27.1,610.9,479,450,22,261,33,5,253,136,90,23,1,628,774,619,387,285,8,66,166,216,235,20,160,426806,391723,360227,24778,0,0,1857,33226,30321,103,2802,113,0,421572,293241,63144,149388,3496,65,0,11577,950,1409,703,20,55255,2009,1143,111,841,356,16007,190
Тамбовская обл.,2021,32,20,7,5,11,9,9,27,397280,9719,134490,11213,127670,21517,33074,0,1699,262463,9719,134402,6499,122107,21429,21768,0,1680,105245,134817,0,88,4714,5563,88,11306,0,19,5143,14,14810,14,11,8,30,16,27,19,24356,19874,19207,107681,149.82,26106,12280,1673,58,4,29,8,1,50,3,5,18,22,17,24,75,9,20,1,3,3,6,12229,18.01,132,0.1,2326,1646,20203,1614,513,816,285,424.4,102.8,37.6,49.3,321.6,64.9,92.4,90.3,16121,1667,587,1850,89.5,1100.9,843,638,21,299,76,18,550,182,111,24,2,348,354,340,215,170,8,40,61,114,150,12,97,221607,205905,171971,30039,0,0,975,14727,7671,1100,557,205,0,219866,148030,3857,81755,3831,549,0,17185,38,1598,50,0,52,26,0,0,86,5,2029,0
Тверская обл.,2021,48,12,36,0,8,30,26,28,1104601,25533,475556,0,606570,71006,16144,0,372,665129,25367,475556,0,576220,68753,8961,0,372,41307,439472,166,0,0,30350,2253,7183,0,0,126920,693,14626,212,8,4,39,8,46,42,636002,364355,200466,200500,93.24,54671,19372,5154,147,29,53,30,20,139,4,4,12,13,12,19,57,12,37,1,3,3,4,18946,38.15,5586,0,6739,6092,24938,1290,217,54,0,741.5,515.8,200.2,116.1,225.7,119.8,97.2,383,14825,876,60.5,4364,79.5,881.5,449,400,13,112,10,6,182,191,76,11,0,751,807,729,335,229,8,54,198,262,267,23,373,480323,420128,396448,19360,0,0,3035,57160,46474,4018,6657,11,0,453805,298672,8429,231568,14594,8668,0,7717,0,5225,602,602,20548,1581,462,39,1050,51,33805,2744
Тульская обл.,2021,49,27,21,1,21,19,17,33,614158,17964,348509,70423,328821,48699,39780,0,244,445983,17964,348244,70423,300972,48699,39780,0,244,80287,168175,0,265,0,27849,0,0,0,0,45600,497,16600,490,21,12,47,31,48,43,335150,318455,200884,245976,5885.75,112850,34391,4337,268,71,28,63,3,258,4,6,36,37,24,29,100,23,52,10,32,4,4,35832,33.27,13683,2.05,13040,12370,79696,9123,1506,6944,179,1506.9,988.8,503.6,225.1,518.1,192.6,200.2,144.2,49423,1118,463.4,10127,139.5,2109.8,1310,1204,43,216,33,10,522,552,236,50,3,1813,2174,1788,919,578,28,274,485,657,640,69,155,2644558,2234616,1365031,502121,341566,0,21376,388566,246035,8007,132128,22658,0,2378709,1021657,111897,550295,48994,89287,2893,65721,183,6252,7080,812,439389,5959,8602,399,21775,3688,71855,1577
Ярославская обл.,2021,27,14,6,7,13,12,12,20,1126939,80084,785679,142720,520485,132698,195283,22060,35,859134,80084,785679,39720,520485,132698,170594,22060,35,77484,267805,0,0,103000,0,0,24689,0,0,131329,623,6667,565,13,8,24,10,24,15,950015,628501,443802,514409,71.89,88174,20035,8203,253,142,32,69,17,221,22,10,16,56,33,20,68,16,59,5,13,3,5,18422,8019.46,5320,0.1,14801,2795,47082,3249,1210,1514,41,2825,2182.5,835.1,287,642.5,134.7,184.6,191.4,41738,2075,76.9,1926,31,2932.9,507,322,9,161,7,3,207,204,96,15,0,1202,1243,1114,644,406,24,124,287,335,446,33,142,984102,619459,579915,32405,7139,0,9644,354999,302690,14279,29704,9544,0,999793,547049,104440,272793,58354,134399,13301,21560,436,9230,1976,1387,16990,6261,1931,1540,8022,5116,42832,7703
г.Москва,2021,96,74,2,20,87,83,75,80,17089530,911641,13201408,131940,12183851,1195897,0,0,431,14444526,911641,13191728,131940,12018344,1191727,0,0,419,369222,2645004,0,9680,0,165507,4170,0,0,12,2014459,11867,50879,9384,87,33,94,64,93,58,13738234,8169045,4667443,6459092,1176.59,1062166,250257,95299,1148,253,76,231,20,668,38,442,127,182,156,474,1345,247,383,123,404,50,152,525367,2191.48,528395,2102.63,328767,328677,678231,334293,59253,78810,10604,9727.8,8403.1,3671.3,1628.6,1324.7,637,627,8287,128510,4779,1100.1,17419,466.3,11294.2,2673,2275,33,936,504,29,675,985,1013,465,89,12371,13168,11873,7257,5829,575,917,3514,4143,4115,304,674,27646000,22262113,17183931,3879654,1015205,3875,11634,5372253,3076684,584909,1607697,535309,0,27535584,13990995,2525906,8120311,1413882,2222738,45892,973269,2552,158695,85508,21068,1079566,366475,82452,8656,178590,49897,996030,197610
Северо-Западный федеральный округ,2021,326,194,99,33,222,202,194,233,20983236,1221041,12953129,735092,13226445,1784957,486304,2598,12173,16406443,1098434,12481291,674745,12133224,1148786,403927,2598,11812,896728,4576793,122607,471838,60347,1093221,636171,82377,0,361,1050280,17731,123323,12319,222,73,307,113,304,191,15387065,8183149,4152490,5935976,119143.57,1548417,419865,150229,2331,1027,308,711,149,2085,82,164,102,226,188,657,1798,252,768,110,447,75,392,543389,8646.39,432856,276.61,401039,368886,1050029,253955,86270,78721,22956,26910.6,20743.6,6186.2,3111.4,6167,1793.8,1720.7,12398.1,487611,10048,757.4,27767,585,28253,7257,6233,152,2066,296,91,2926,2248,2083,463,76,17778,18838,17189,11436,7969,616,2051,4098,5755,7250,770,1597,25002650,17452432,13807328,2743838,746995,75871,185611,7364607,4857663,819107,1576728,187740,0,24848211,14428315,3860050,9743259,2433644,2648686,537948,930570,4733,368701,150169,98815,774196,302032,163586,12661,107718,56966,946926,131288
Респ. Карелия,2021,20,14,3,3,5,4,4,16,439258,5851,248019,33393,170851,7091,27441,0,54,335681,5851,248019,27692,170851,4099,13058,0,25,26487,103577,0,0,5701,0,2992,14383,0,29,29788,476,3264,466,5,6,20,14,20,12,258013,146051,95700,141568,3018.27,54891,10734,6124,209,32,67,34,4,203,6,0,7,5,11,10,22,8,18,5,13,5,72,10302,7.04,8507,0,4562,3039,44362,2448,1753,616,0,482.6,244.7,47.6,55.2,237.9,34.9,92.9,110.3,15794,1290,91.3,1059,42,615.9,350,225,4,140,38,4,168,71,111,5,3,533,563,514,346,269,11,57,134,189,189,18,26,617125,449435,389843,54326,0,748,4447,163243,104439,192,50231,8326,0,640359,413524,87746,232390,36638,21993,5982,22131,442,14908,4276,138,10186,5383,5,5,4237,561,22553,719
Респ. Коми,2021,27,21,1,5,24,24,23,25,1074712,3744,299742,146604,31424,26788,131355,0,5661,657641,3733,296222,145587,31424,26788,112686,0,5661,136980,417071,11,3520,1017,0,0,18669,0,0,14918,76,24378,69,24,8,24,13,27,23,423430,344967,240389,279244,16.04,26200,12539,3918,63,1,16,14,4,51,5,7,5,8,15,13,33,0,0,1,2,0,0,4973,494.7,3267,0.06,513,258,18977,1322,925,343,0,245.2,120.3,46.6,45.9,124.9,31.5,80.8,100.2,13920,815,30,2335,58.3,333.5,1140,976,57,185,14,26,550,236,354,18,1,342,345,330,264,187,1,66,82,113,133,14,52,339379,290598,234727,42970,544,81,38671,10110,6548,1689,1871,339,0,323759,224578,506,198410,391,6954,90,9566,383,1556,5470,106,13728,938,4,0,281,5,6716,319
Архангельская обл.,2021,31,22,7,2,20,20,20,28,893856,25216,515273,51478,360615,130576,69154,0,0,607881,25216,500273,40025,351613,127990,60638,0,0,54463,285975,0,15000,11453,9002,2586,8516,0,0,66048,537,4714,449,20,5,30,11,29,17,556246,336933,227545,272748,102898.33,118611,22539,8719,361,161,55,129,44,319,10,32,18,23,14,15,49,6,15,4,38,3,40,25240,7732.1,7562,0,10981,11759,43762,3733,2507,362,773,950.2,684.6,256,153.8,265.6,56.1,105.3,29.8,18525,691,34.1,2278,33.8,1018.1,452,335,12,218,28,5,251,121,80,4,0,992,1025,944,564,337,9,125,230,319,391,22,59,1062060,930671,792932,103491,0,413,619,130770,104795,18572,7401,118,0,980779,659223,36632,381727,18724,28291,11915,16983,570,4074,4778,88,15094,3822,6154,98,3204,1094,28808,308
Вологодская обл.,2021,45,27,18,0,30,30,30,30,1640137,100099,863285,164040,705613,119957,153782,0,851,1041406,100099,863285,164040,688717,119957,153782,0,531,95999,598731,0,0,0,16896,0,0,0,320,117009,435,12832,357,30,5,40,8,40,23,962329,644046,379977,555062,198.79,139012,44450,11352,265,91,23,111,15,228,16,21,2,64,17,10,23,7,23,14,48,1,2,28490,117.26,6669,0.02,6348,6958,66052,1900,317,684,612,1120.7,726.7,412.6,174.3,394,197.9,176.7,151.8,31424,353,20.5,2607,30.7,1171.9,747,672,14,252,18,9,315,304,128,4,2,902,905,870,672,403,8,180,185,267,416,31,109,1164454,990984,558122,41181,391681,0,52480,120990,104580,8015,8113,166,0,1129073,473834,46991,313215,26579,468765,1988,14227,860,5739,4108,390,8224,1728,2545,382,2305,476,28529,1016
Калининградская обл.,2021,19,15,2,2,16,14,13,14,364126,3706,237759,8464,165696,64005,1208,416,157,287367,3706,237759,8464,165696,62001,1208,416,145,35052,76759,0,0,0,0,2004,0,0,12,8509,157,4931,147,16,4,19,9,17,12,292959,246762,172077,199250,32.49,79022,21272,2915,59,13,20,24,5,51,2,6,2,3,14,12,39,11,21,0,0,18,18,32626,43.05,16479,0.29,8164,3740,38920,7179,688,5583,340,2008,1542.8,366.4,296.7,465.2,102,82.5,256.7,24583,1221,41.2,2231,33.8,2083,696,586,1,195,88,1,250,214,232,12,9,609,621,598,389,293,18,66,235,230,132,15,64,835643,418767,310877,60716,43618,244,64,416812,266992,79723,66638,3510,0,740117,353469,142819,195716,74435,54482,44371,49940,749,19107,53787,45378,55357,36930,676,296,7052,4285,17145,5080
Ленинградская обл.,2021,42,12,30,0,33,33,33,34,715550,6443,551419,5505,397124,118752,12798,52,22,539450,6443,509190,5505,397124,73003,7587,52,22,22576,176100,0,42229,0,0,45749,5211,0,0,38716,55,4622,40,33,6,41,8,39,11,618919,469849,385108,391001,341,66566,13714,4413,252,135,38,61,34,179,6,67,4,22,7,17,60,5,12,1,2,0,0,20316,32.35,2880,0,5235,4167,24052,2057,1142,532,0,1145.6,879.4,179.6,162.9,266.2,94.3,81.2,282.6,20905,678,54.5,2193,33.7,1233.8,514,489,2,81,11,1,179,223,112,12,1,727,807,714,375,228,8,108,270,255,180,26,44,775667,602006,534937,62784,0,0,5106,168555,155226,0,13328,4122,0,802770,454765,58432,209973,23671,24942,1362,18621,117,8008,2142,268,15528,7450,3784,13,1711,841,35866,3696
Мурманская обл.,2021,13,13,,0,9,8,7,10,362538,1906,147626,42575,201219,7188,75759,0,5,213527,1906,143425,37593,144653,7188,45847,0,5,28428,149011,0,4201,4982,56566,0,29912,0,0,1385,4,9394,4,9,5,13,4,13,10,182519,105878,81570,88263,14.28,20931,10252,1417,26,0,4,3,0,17,3,6,2,5,6,3,15,6,12,0,0,5,7,11599,37.37,42,0,10209,435,19844,590,590,0,0,239.3,169.3,83.2,81.7,70,8,36.3,48.8,5887,193,36,2782,40,315.3,572,563,6,81,3,5,168,271,133,6,0,263,267,260,204,155,4,40,72,102,86,5,24,389838,297569,229695,61157,0,0,77787,14482,6624,1116,6683,379,0,376271,243954,1384,188840,1179,5681,0,21674,131,1694,1984,4,8818,647,140,0,1818,319,8127,9
Новгородская обл.,2021,22,12,8,2,11,5,5,9,962021,91356,508860,276,911681,0,3115,2130,502,534718,91356,508159,276,503030,0,1637,2130,502,31965,427303,0,701,0,408651,0,1478,0,0,44269,756,3757,415,11,3,19,10,20,13,929644,296307,240189,430347,125.46,56750,18567,4317,147,78,21,66,4,142,3,2,22,40,26,11,27,1,5,9,44,1,1,4160,43.34,2319,0,5789,196,33604,4029,3095,757,6,841.4,436.8,306,109.2,404.6,285.5,112.8,322.5,27145,314,14.7,2861,62.3,918.4,420,385,34,203,42,26,197,130,93,26,2,616,622,602,477,268,13,99,117,213,272,21,439,830124,685557,380355,302747,0,52,2749,141818,124112,15206,1319,0,0,653652,348149,67484,204498,40006,239384,4688,17330,194,10984,141,141,11076,3230,1359,1142,2852,0,15128,23
Псковская обл.,2021,23,11,7,5,7,6,6,9,837650,48329,632766,6956,786757,2810,11692,0,68,656580,48316,632766,6956,634780,2810,7484,0,68,43969,181070,13,0,0,151977,0,4208,0,0,322649,1636,13755,1636,7,3,20,8,20,9,354652,290360,252622,293412,9055.89,57540,15252,3859,243,99,16,51,1,242,1,0,4,7,10,28,125,19,33,1,2,8,56,8832,51.93,698,0,10803,7849,31285,1534,640,574,0,1400,964,271.3,225.5,436,69.6,168.6,7645.8,35648,308,29.8,1974,34.2,1464,441,381,4,97,10,0,238,133,70,32,3,892,943,873,475,303,7,93,260,204,372,25,50,779107,654045,619890,33104,0,0,492,124570,100919,8703,14929,2526,0,635521,352164,25684,178978,9682,372,4,37227,0,12443,3117,17,21960,5934,2526,1622,865,733,96005,689
Ненецкий а.о.,2021,2,1,1,0,2,2,2,2,55840,28027,18643,37194,9355,18741,0,0,0,18646,286,18643,0,9355,9288,0,0,0,1630,37194,27741,0,37194,0,9453,0,0,0,267,16,1095,16,2,2,2,2,2,2,9605,9452,7745,9127,626.6,4593,1284,320,9,0,3,2,1,9,0,0,0,0,1,1,2,0,0,0,0,0,0,1307,0,983,0.2,1503,1503,3928,320,320,0,0,15.7,10.1,0.6,0.7,5.6,0.4,1.4,10.2,601,75,5.3,102,1.1,22.1,27,24,0,5,0,0,17,4,6,2,0,59,59,59,49,35,1,14,13,16,30,2,2,78852,76606,69184,7422,0,0,0,2246,0,959,1287,0,0,78743,48593,0,48593,0,0,0,958,0,285,0,0,0,0,0,0,0,0,0,0
г.Санкт-Петербург,2021,82,46,22,14,65,56,51,56,13637548,906364,8929737,238607,9486110,1289049,0,0,4853,11513546,811522,8523550,238607,9035981,715662,0,0,4853,419179,2124002,94842,406187,0,450129,573387,0,0,0,406722,13583,40581,8720,65,26,79,26,77,59,10798749,5292544,2069568,3275954,2816.42,924301,249262,102875,697,417,45,216,37,644,30,23,36,49,67,537,1403,189,629,75,298,34,196,395544,87.25,383450,276.04,336932,328982,725243,228843,74293,69270,21225,18461.9,14964.9,4216.3,1805.5,3497,913.6,782.2,3439.4,293179,4110,400,7345,215.1,19077,1898,1597,18,609,44,14,593,541,764,342,55,11843,12681,11425,7621,5491,536,1203,2500,3847,5049,591,728,18130401,12056194,9686766,1973940,311152,74333,3196,6071011,3883428,684932,1404928,168254,0,18487167,10856062,3392372,7590919,2202339,1797822,467548,721913,1287,289903,70366,52285,614225,235970,146393,9103,83393,48652,688049,119429
Южный федеральный округ,2021,232,187,31,14,109,102,98,187,7664593,160677,3827708,887742,2326410,1876425,292387,3010,20973,5418256,160660,3808945,880129,2324972,1397424,233682,3010,17776,696240,2246337,17,18763,7613,1438,479001,58705,0,3197,531463,5249,115347,4829,109,40,221,62,217,147,3316130,2399605,1541237,2363857,3576.65,479647,141715,28979,1413,186,270,498,86,1328,34,51,134,331,189,149,537,121,293,20,47,15,43,125998,220.52,30793,40.31,48302,32091,230097,34326,10489,15583,512,11254,7630,3516.3,2307.7,3624,1010.3,1231.1,2051.1,245866,5341,1876.6,18079,481.2,13611.8,5285,4269,144,1360,288,67,3008,1453,824,96,12,6395,7095,6184,3258,2514,123,480,1803,2440,1922,247,799,5181752,3906418,3039590,516055,132289,3012,16399,1258935,1098641,56440,101253,4359,0,4874679,3192522,625396,1654753,242267,407882,27201,138899,1601,44608,7161,1104,72736,42858,10566,3050,25217,9721,226147,21712
Респ. Адыгея,2021,9,8,1,0,5,5,5,7,407009,2922,220135,0,189198,0,8129,0,616,273683,2922,220135,0,189198,0,5162,0,310,29833,133326,0,0,0,0,0,2967,0,306,38301,29,3030,9,5,1,9,2,9,5,233499,119436,38370,105015,2.6,10191,4964,1052,15,0,6,4,0,13,0,2,2,1,5,2,5,1,4,1,4,0,0,3975,1.81,5026,0,2147,5096,9807,758,696,37,0,80.3,53.9,7.2,28.4,26.4,8.6,17,643.6,1551,424,40,213,23.4,143.7,163,103,0,46,27,0,83,25,55,4,0,169,188,168,106,99,6,7,37,63,68,6,9,235098,232993,65728,38296,126505,300,452,1653,442,0,342,0,0,226197,56569,21,37583,9,126531,0,21884,0,25,330,0,950,0,300,0,70,23,3292,0
Респ. Калмыкия,2021,3,1,2,0,1,1,1,1,84994,4719,52606,0,4160,0,0,0,0,52683,4719,52606,0,4160,0,0,0,0,13250,32311,0,0,0,0,0,0,0,0,938,2,1003,2,1,1,1,1,1,1,22549,22549,19029,19029,4.64,4230,1761,475,4,1,2,3,1,2,2,0,1,0,1,5,9,1,1,0,0,0,0,1490,0.64,0,0,0,0,3887,2572,450,1490,0,34.6,7.1,3.6,3.5,27.5,4.6,22.8,5.3,844,28,8.6,22,5.1,48.3,41,41,2,13,2,1,21,16,4,4,0,93,93,91,49,34,1,14,25,36,29,3,3,30552,28277,28187,0,90,0,0,2275,0,160,2115,0,0,17386,17386,37,17349,0,0,0,0,0,0,0,0,0,0,0,0,0,0,0,0
Респ. Крым,2021,41,34,1,6,27,27,26,36,1452726,26625,669937,346135,6832,914703,30713,3010,336,1018554,26625,659565,346135,6832,914703,28759,3010,274,96212,434172,0,10372,0,0,0,1954,0,62,97282,1184,13675,1052,27,7,40,11,34,26,483585,354321,271643,397047,1706.81,139874,25657,5770,720,107,92,349,61,707,12,1,24,230,27,36,149,40,109,4,12,1,5,20696,55.18,8712,28,18448,8971,35650,1847,876,620,21,3198.8,1643.8,826.7,436.6,1555,609.2,299.9,335.9,78492,1676,288,2547,70.8,3557.6,1062,906,2,264,26,2,675,308,79,18,0,1554,1804,1533,722,550,17,111,461,637,424,76,139,1272616,669684,563907,58286,295,0,0,602932,536277,16396,50126,2104,0,1190417,825286,350739,390229,116694,38492,13628,29267,143,15960,1622,348,16074,9013,912,613,3306,976,57655,17211
Краснодарский край,2021,63,54,8,1,19,14,13,54,1921545,30596,969579,439450,668904,585,73908,0,211,1404856,30579,969579,434172,668904,585,73908,0,189,157804,516689,17,0,5278,0,0,0,0,22,212963,1541,25430,1482,19,7,60,13,62,51,495621,277700,254590,610792,170.96,130928,38997,6914,149,4,38,46,3,130,10,9,31,24,53,21,69,24,63,0,0,1,4,32053,48.38,5643,0.36,16451,11356,48839,15438,2650,8891,9,1795.4,1272.9,352.1,460.7,522.5,118,257.6,62.2,51932,1391,111.1,5719,118.1,2024.6,1781,1459,8,208,14,4,1080,489,212,4,2,1274,1323,1225,761,583,29,112,395,484,346,49,136,872110,775028,632148,39282,621,0,165,96917,84902,4826,6871,588,0,888513,655419,55206,392538,24066,7238,495,25404,842,7141,833,106,15216,9706,2214,17,3385,212,44478,281
Астраханская обл.,2021,19,3,16,0,2,2,2,3,333477,18280,72109,8171,170473,70564,0,0,0,253800,18280,72109,8171,170473,70564,0,0,0,17455,79677,0,0,0,0,0,0,0,0,40173,77,3353,54,2,5,18,6,18,5,203032,153888,132909,137137,763.97,16254,9207,1153,32,15,8,4,2,13,1,18,16,16,12,5,16,10,27,0,0,0,0,7660,8.4,0,0,560,216,14679,1731,31,0,0,177.9,132.6,11.2,58.2,45.3,4.5,11.5,2.1,5352,79,2.2,1778,18.5,198.6,295,263,0,153,25,0,160,124,11,2,1,291,314,291,162,145,3,16,60,136,95,9,39,174169,154410,112916,500,0,0,0,19759,17099,1671,989,0,0,174070,122726,6317,74879,3322,811,311,2664,152,348,0,0,1151,789,0,0,478,428,17313,1482
Волгоградская обл.,2021,43,37,2,4,7,5,3,37,828479,15915,274897,6219,121656,2665,41201,0,3072,572253,15915,273377,3884,120218,2665,37870,0,3017,166484,256226,0,1520,2335,1438,0,3331,0,55,26227,226,36536,211,7,2,41,7,43,19,143626,105984,77643,255359,294.54,68476,22466,3000,103,4,36,21,14,92,9,2,9,16,28,16,82,10,13,5,6,11,31,16367,13.71,2553,0,4287,2611,38823,3845,1084,2087,175,2805.9,2373.4,1570.5,477.2,432.5,69.1,210.8,764.8,43724,1487,1343.6,3700,148.2,4297.7,957,747,23,400,143,1,463,240,254,34,7,811,837,789,533,396,21,107,200,292,295,18,145,651341,510619,415275,70110,969,2712,1246,139476,104517,5476,29322,992,0,525582,360728,35748,196264,18994,61960,10492,13013,20,3575,1069,622,17366,8124,655,267,3230,1452,22064,1239
Ростовская обл.,2021,47,44,,3,44,44,44,45,2101031,60130,1330627,87767,938679,849953,138436,0,16738,1416624,60130,1323756,87767,938679,385077,87983,0,13986,201931,684407,0,6871,0,0,464876,50453,0,2752,45330,1314,31555,1145,44,17,46,19,44,38,1514664,1184987,643971,709074,175,86481,33468,8547,299,50,85,52,3,285,0,14,51,44,56,58,185,23,44,4,17,2,3,40257,44.4,8859,11.95,3787,3192,69220,5197,4013,516,0,1544.1,1028.8,148.6,593.5,515.3,88.9,307.4,138.6,38788,115,30,3654,87.5,1661.6,842,691,108,261,45,59,454,217,171,24,0,1642,1930,1546,660,538,30,90,446,568,532,65,321,1131600,987573,913808,69368,3809,0,14434,129593,96717,25265,6491,675,0,1092263,737275,49166,347934,16092,53443,16,27918,444,9903,3307,28,5600,1782,4574,369,7415,3464,46897,456
г.Севастополь,2021,7,6,1,0,4,4,4,4,535332,1490,237818,0,226508,37955,0,0,0,425803,1490,237818,0,226508,23830,0,0,0,13271,109529,0,0,0,0,14125,0,0,0,70249,876,765,874,4,0,6,3,6,2,219554,180740,103082,130404,458.13,23213,5195,2068,91,5,3,19,2,86,0,5,0,0,7,6,22,12,32,6,8,0,0,3500,48,0,0,2622,649,9192,2938,689,1942,307,1617,1117.5,596.4,249.6,499.5,107.4,104.1,98.6,25183,141,53.1,446,9.6,1679.7,144,59,1,15,6,0,72,34,38,6,2,561,606,541,265,169,16,23,179,224,133,21,7,814266,547834,307621,240213,0,0,102,266330,258687,2646,4997,0,0,760251,417133,128162,197977,63090,119407,2259,18749,0,7656,0,0,16379,13444,1911,1784,7333,3166,34448,1043
Северо-Кавказский федеральный округ,2021,144,68,73,3,54,50,44,61,2037717,22443,836493,32046,639624,430032,141603,19281,12774,1569656,22443,834557,32046,604415,416385,136205,17916,11508,261134,468061,0,1936,0,35209,13647,5398,1365,1266,30462,736,47172,655,54,15,95,36,96,56,842113,541842,446687,650500,298374.92,114200,59495,8787,1117,244,708,573,200,1010,17,90,60,69,91,77,188,27,64,9,29,10,19,45482,680.56,11692,243.07,22085,9326,79321,23413,1910,17000,82,2255.8,1302.9,456.7,488.3,952.9,307.1,440.2,607.8,54453,2919,301,7515,330.7,2887.5,2826,2514,74,836,309,11,1614,579,633,42,2,2265,2383,2149,1320,962,51,252,613,739,710,101,131,2463913,1756243,944461,75816,8297,590340,12893,694777,88205,304517,301870,933,0,2444285,1398943,26443,1088599,13357,33825,1558,36428,337,9971,9961,1385,19368,3219,201640,20,3995,400,34380,5043
Респ. Дагестан,2021,39,5,33,1,3,3,2,4,219064,13324,110759,0,96595,96994,93000,0,0,171585,13324,110759,0,96595,96994,93000,0,0,78361,47479,0,0,0,0,0,0,0,0,6571,521,5732,521,3,3,12,7,8,3,26245,19422,18881,56051,4.73,20324,12597,1835,87,28,18,25,5,33,3,51,32,32,32,33,74,8,8,1,5,2,7,7225,0.09,910,0,4377,1682,15765,3246,394,2357,82,308.8,106.4,21.8,40.8,202.4,18.8,88.8,176.9,14817,247,50.8,1670,37.3,396.9,599,582,0,176,8,0,388,82,129,23,1,619,620,592,379,270,9,91,121,185,231,29,0,296120,258630,230451,27179,1000,0,0,37490,35880,550,1059,933,0,291772,184591,5172,116073,2180,8074,1558,9969,0,2655,2473,1173,4807,6,0,0,2439,3,7693,2534
Респ. Ингушетия,2021,6,5,1,0,5,4,4,4,36858,1391,1750,0,0,0,0,0,0,24173,1391,1750,0,0,0,0,0,0,8317,12685,0,0,0,0,0,0,0,0,954,97,4324,24,5,1,4,1,3,1,16011,12398,9886,9886,64245.93,2978,1338,151,11,0,8,6,0,11,0,0,0,0,1,7,15,0,0,0,0,0,0,145,4,0,0,0,0,1454,0,0,0,0,210.2,188.6,10.8,8.7,21.6,12.1,9.7,22,1919,221,8.4,199,8.5,227.1,259,248,0,83,79,0,203,10,46,1,0,180,167,167,113,76,2,21,50,54,61,0,0,87408,87167,56920,0,0,0,0,241,35,0,22,0,0,87389,60434,7,43972,0,0,0,0,0,0,4040,0,0,0,0,0,0,0,0,0
Кабардино-Балкарская Респ.,2021,18,9,9,0,2,1,1,4,209220,409,140721,1602,149409,25753,4234,654,1375,159627,409,140721,1602,114348,18635,3664,654,1375,22720,49593,0,0,0,35061,7118,570,0,0,830,0,5165,0,2,1,9,3,17,6,28201,2873,2873,8400,7.65,7093,4462,804,26,2,3,5,0,17,2,7,2,2,5,3,5,1,3,0,0,1,1,793,2.76,0,0,824,622,2303,1555,335,1021,0,276.3,76.9,39.3,35.1,199.4,51.2,99.1,105.7,4917,347,29.4,374,95.1,400.8,297,244,0,100,61,0,143,82,72,10,0,142,157,139,80,68,4,11,30,27,78,6,13,80839,79038,14787,0,0,0,1302,499,456,0,43,0,0,80350,48586,0,28716,0,16088,0,1238,10,82,1224,0,3556,236,0,0,176,0,1487,100
Карачаево-Черкесская Респ.,2021,11,3,7,1,1,1,0,1,127133,1688,1754,0,2500,0,0,11805,0,78698,1688,1754,0,2500,0,0,10477,0,6242,48435,0,0,0,0,0,0,1328,0,1797,5,1114,5,1,0,6,1,6,2,1806,1806,0,1754,61.57,9567,2272,204,48,38,2,14,25,48,0,0,0,0,6,2,6,2,10,0,0,6,10,200,0,0,0,0,0,1403,0,0,0,0,25.8,15.4,0.1,3.7,10.4,0.8,4.5,0.7,931,85,2.6,17,0.3,28.7,99,85,1,17,7,0,79,11,9,3,1,102,106,96,48,39,1,4,29,37,28,11,0,1240573,630703,0,9279,5412,590340,9276,600594,0,300000,300594,0,0,1227248,615271,0,605575,0,0,0,67,0,0,0,0,0,0,200000,0,0,0,89,0
Респ. Северная Осетия-Алания,2021,17,4,13,0,5,4,4,5,346724,282,5557,0,0,0,0,6785,0,282278,282,5557,0,0,0,0,6785,0,13514,64446,0,0,0,0,0,0,0,0,474,62,1620,62,5,1,12,6,11,1,10831,10831,10831,4736,13.4,13447,6290,1377,126,97,13,55,3,125,1,0,7,9,6,13,37,0,0,1,1,0,0,542,0,0,0,804,45,9533,0,0,0,0,104.6,54.8,10.1,15.4,49.8,12.5,11.7,25.6,2872,195,16.8,78,3.1,124.5,115,109,2,55,38,0,54,47,14,0,0,189,193,183,147,116,6,29,35,57,89,11,0,76182,68895,68025,270,600,0,1200,6087,6087,0,0,0,0,75983,47475,153,38933,153,150,0,2160,0,1870,2113,113,1353,870,0,0,45,45,3842,1527
Чеченская Респ.,2021,7,7,,0,1,1,1,5,45351,387,39046,1597,2,0,0,0,3,40643,387,39046,1597,2,0,0,0,3,14854,4708,0,0,0,0,0,0,0,0,539,28,666,20,1,2,7,6,7,6,389,389,146,22799,233806.71,16414,7601,1667,738,66,648,444,167,720,10,8,3,2,4,7,19,0,0,3,19,0,0,14382,1.36,0,0,5653,62,11701,0,0,0,0,327.2,239.4,49,149.6,87.8,12.8,46.7,106,2575,186,11.2,1193,25.6,364,277,239,0,69,20,0,137,42,98,0,0,375,371,322,153,124,3,24,120,134,46,14,3,227104,224122,197493,22118,0,0,0,2982,2982,0,0,0,0,228781,155977,1728,77571,0,0,0,0,0,0,0,0,1769,0,1500,0,0,0,6012,0
Ставропольский край,2021,46,35,10,1,37,36,32,38,1053367,4962,536906,28847,391118,307285,44369,37,11396,812652,4962,534970,28847,390970,300756,39541,0,10130,117126,240715,0,1936,0,148,6529,4828,37,1266,19297,23,28551,23,37,7,45,12,44,37,758630,494123,404070,546874,234.93,44377,24935,2749,81,13,16,24,0,56,1,24,16,24,37,12,32,16,43,4,4,1,1,22195,672.35,10782,243.07,10427,6915,37162,18612,1181,13622,0,1002.9,621.4,325.6,235,381.5,198.9,179.7,170.9,26422,1638,181.8,3984,160.8,1345.5,1180,1007,71,336,96,11,610,305,265,5,0,658,769,650,400,269,26,72,228,245,177,30,115,455687,407688,376785,16970,1285,0,1115,46884,42765,3967,152,0,0,452762,286609,19383,177759,11024,9513,0,22994,327,5364,111,99,7883,2107,140,20,1335,352,15257,882
Приволжский федеральный округ,2021,656,421,175,60,335,309,263,505,12338818,265015,6195953,1747663,4412483,683845,1161481,62108,6299,8862969,264896,5887251,1504984,4294128,541657,856429,49389,5835,1314083,3475849,119,308702,242679,118355,142188,305052,12719,464,712021,2519,314593,2387,335,84,605,164,570,291,5624861,3683070,2485175,3979554,4467.59,850462,325150,64422,1621,191,423,380,51,1440,84,97,163,200,352,241,652,177,358,38,98,58,111,276986,8759.1,87313,11.62,103448,59752,595717,104252,16714,54171,579,13636.9,8968.3,2628.2,2308.3,4668.6,1399.2,2102.6,9949.2,351138,15632,2018.4,65272,2369,18024.3,16265,13967,298,4097,728,198,8980,3785,3500,184,10,10489,11326,9979,6184,4634,202,1117,2866,3369,3119,289,947,8928794,7169655,5607281,1171405,163093,9558,359654,1399485,1069819,157163,161935,37586,0,8382685,4485445,411994,2797772,158766,630853,22324,333793,9879,37743,60056,5221,228110,47429,36616,3361,27066,5509,240787,12919
Респ. Башкортостан,2021,107,58,33,16,18,16,16,94,1154624,23143,732705,127623,161225,1440,247,0,2985,866464,23143,732705,127247,161225,1440,0,0,2981,177265,288160,0,0,376,0,0,247,0,4,5331,26,65153,26,18,3,103,26,98,49,247381,160891,123000,408522,34.95,52953,28264,4883,126,4,17,31,2,93,26,7,8,5,45,20,49,6,18,0,0,2,5,20074,2508.15,2841,0,6261,5231,44901,2372,973,903,0,1041.7,568.6,271.1,265.2,473.1,177.8,312.1,240.8,30178,2445,277.3,5736,179.3,1498.3,2383,2166,77,462,42,19,1325,471,587,17,0,652,681,632,455,368,36,77,184,227,191,13,82,651875,605430,578518,10407,2843,57,27162,19283,13222,338,5139,566,0,646997,321083,9162,225518,5452,6469,381,20445,294,1554,3129,16,2064,313,10,0,2105,95,13166,344
Респ. Марий Эл,2021,27,18,8,1,5,4,4,18,435941,2140,145465,58764,167216,20216,90430,0,180,266704,2033,141544,47607,167216,20216,60783,0,100,27819,169237,107,3921,11157,0,0,29647,0,80,2799,14,16556,5,5,2,19,6,21,14,42932,37454,36188,44466,70.07,34226,11702,1617,56,0,14,14,1,51,2,3,6,5,11,12,28,23,32,0,0,15,29,6361,3.68,3165,0.04,248,1738,24018,3055,564,2061,0,531.6,308.4,28.5,77.9,223.2,34.4,142.7,79,12798,1340,34.4,2178,46.2,612.2,857,738,13,182,9,2,486,246,125,3,0,367,422,361,212,186,4,24,90,136,101,13,19,212645,172904,149831,3071,1149,0,57,39684,25083,873,12596,1096,0,252253,131114,11301,102981,5997,0,0,6869,0,4027,185,155,7659,2747,0,0,641,641,1424,227
Респ. Мордовия,2021,23,8,10,5,11,9,6,5,423841,17214,226836,46878,156677,75573,4903,26329,0,250478,17214,197362,15433,154706,64304,2932,17031,0,33247,173363,0,29474,31445,1971,11269,1971,9298,0,7584,38,9830,37,11,5,19,4,15,1,131103,95860,59361,70707,8.29,22282,11695,1924,28,0,13,4,0,24,2,2,2,3,9,7,23,2,2,0,0,1,3,12192,3.78,0,0,169,116,21027,664,83,480,0,217.6,144.5,26.9,39.1,73.1,18.2,47.4,50.4,5757,480,43.5,2638,53.1,314.2,604,455,1,61,22,0,476,67,61,1,0,315,324,308,170,128,11,33,85,106,116,10,5,237307,215510,211256,2314,0,0,0,21797,9650,384,11763,8331,0,236727,127075,1067,67419,453,8497,0,134,0,0,0,0,1000,0,15,0,60,0,684,0
Респ. Татарстан,2021,106,62,40,4,94,92,73,84,2175768,86869,879731,50244,716860,74221,149098,9211,416,1531267,86858,842644,37702,684476,55596,119908,8766,352,231555,644501,11,37087,12542,32384,18625,29190,445,64,175430,767,64348,731,94,13,90,18,78,8,1287446,675435,482850,529382,2960.93,191883,59161,15274,361,64,102,90,13,322,11,28,18,20,64,65,173,19,42,16,27,13,35,47921,1514.05,13268,2.06,24176,22298,115362,26179,2594,12930,285,5134.6,3608.5,432.4,530.5,1526.1,455.1,431,5660.3,101208,3275,724.1,14543,282.7,6141.4,2878,2454,8,979,275,21,1623,497,758,48,7,2296,2299,2156,1268,1027,40,192,746,755,627,87,44,1971624,1252226,1070866,141341,8353,6100,42348,677050,647935,2524,26468,13377,0,1564297,924095,222120,595225,69886,5683,0,28727,144,4885,29658,1693,33151,9053,430,0,3094,202,35428,687
Удмуртская Респ.,2021,42,32,10,0,7,7,6,34,772433,7660,401263,144887,273270,2713,0,0,5,560534,7660,401263,144887,273270,2713,0,0,4,192626,211899,0,0,0,0,0,0,0,1,88785,118,13052,83,7,4,38,7,30,21,228818,186009,42001,354297,149.21,69551,14787,3825,111,12,11,15,7,100,9,2,11,25,21,21,59,11,12,3,8,7,9,7413,25.37,1027,0,1866,222,35529,1077,890,0,0,652.7,401.3,114.4,135,251.4,52.8,140.3,234.6,21531,319,202.9,4029,206.4,1062,1021,951,22,143,8,11,476,269,276,9,0,774,878,740,519,347,9,95,255,253,227,21,64,484349,381167,337199,25280,10260,138,13100,90082,58446,1727,29869,99,0,468845,319238,21871,230919,13913,5356,0,6888,181,3429,5056,1336,13610,12363,31,31,1749,1011,6183,3763
Чувашская Респ.,2021,29,17,6,6,18,15,13,20,411817,2133,205767,98645,146111,7755,35773,0,0,313977,2133,205767,98645,146111,7755,35773,0,0,55617,97840,0,0,0,0,0,0,0,0,27538,30,7194,30,18,2,27,11,23,6,218605,148867,127356,144590,23.39,28998,14947,1908,71,1,22,4,1,65,0,6,6,7,18,12,33,7,14,1,1,1,1,18592,81.56,434,0.01,6446,8998,21180,6751,1067,5525,0,277.3,183,28.2,88,94.3,16.5,51.9,118.6,6697,234,33.5,4324,103.4,414.2,748,748,0,127,12,0,391,139,218,6,1,280,302,270,159,120,9,32,59,64,92,7,4,478795,344604,163562,175082,5397,0,61347,72844,20377,50448,1989,1480,0,390352,123780,7800,99649,5750,43383,513,53740,0,438,5395,136,16448,1039,600,0,305,130,738,342
Пермский край,2021,57,41,13,3,44,44,37,37,1726114,19036,1097256,450440,823657,139227,499357,0,1094,1246260,19036,877882,273043,756402,126814,307576,0,897,97634,479854,0,219374,177397,67255,12413,191781,0,197,66535,447,24839,447,44,15,55,19,57,36,1002393,642682,353243,500172,93.63,84276,36359,8978,172,14,80,46,6,159,6,7,18,16,37,16,45,10,14,1,4,2,2,18029,3899.9,4035,0,10412,2607,59443,6922,1664,3423,91,851.8,570.4,248.2,218.9,281.4,81,142.1,2004.5,20173,1468,111.7,7938,142.3,1105.8,1237,995,73,268,50,16,558,383,296,18,0,834,811,743,581,396,11,145,270,227,246,12,161,717708,639848,491368,112868,20038,1435,7382,70478,53402,13571,2333,158,0,715492,329683,23538,231249,14605,35954,19108,21007,1051,3652,575,352,25932,3287,20338,0,6695,985,26388,115
Кировская обл.,2021,45,39,6,0,22,19,14,38,712768,15203,321780,74286,225538,145739,124980,0,308,439772,15202,307995,67101,225529,45858,80367,0,277,86115,272996,1,13785,7185,9,99881,44613,0,31,7101,51,32794,51,22,6,41,12,44,26,179831,161945,126979,195383,107.22,44090,19482,3249,93,12,12,28,2,81,5,7,5,13,12,11,24,5,12,0,0,4,4,11190,115.5,1740,0.36,11816,1728,34078,4082,1267,2308,36,432.7,238.9,114.3,63,193.8,70.9,111,286.3,17242,168,24.4,4493,73.6,530.7,1005,968,19,302,39,9,517,330,158,8,0,454,492,441,248,170,8,62,133,169,139,11,11,277830,236201,192090,3652,0,841,11586,30043,24802,2517,2310,573,0,274627,181197,13846,102280,3781,1230,0,4319,0,2689,230,92,1119,158,31,3,517,179,2705,58
Нижегородская обл.,2021,74,54,17,3,38,29,27,58,1312581,43958,711545,306601,609953,2019,8631,0,557,1032758,43958,711545,304394,609953,2019,7467,0,550,113179,279823,0,0,2207,0,0,1164,0,7,282755,301,21739,301,38,12,70,32,68,57,464552,345037,292168,518213,118.17,84931,39224,6963,216,22,53,56,8,190,9,17,20,30,24,28,88,25,56,2,4,2,6,26121,17.58,5371,5.9,6435,2787,59586,17584,1995,8678,50,1366.7,815.6,376.5,129.9,551.1,125.4,182.5,288,48863,2090,140.3,6263,106.2,1613.2,1662,1376,27,479,64,14,914,453,295,24,2,1240,1437,1184,794,588,14,164,341,464,378,27,105,1195148,979100,628651,288621,12690,284,94680,121368,97227,10000,14141,2207,0,1197922,571303,36583,332964,7647,200009,1556,77524,5748,7028,7864,905,84126,6308,3840,2490,3707,479,31899,2767
Оренбургская обл.,2021,34,27,,7,11,10,7,32,488662,6143,201517,37834,158481,22906,43278,26568,302,366844,6143,201517,37834,158481,22906,39434,23592,269,74969,121818,0,0,0,0,0,3844,2976,33,10319,37,18145,34,11,6,34,13,34,23,212313,147785,63127,195515,542.92,33150,14496,3183,65,6,12,16,3,54,7,4,10,7,20,7,18,12,30,2,4,2,2,14107,536.49,1032,0.28,10793,7307,26564,8389,1456,3810,0,362.6,231.8,66.4,108.8,130.8,35.9,83.8,66.7,11025,582,63.8,2198,49.6,476,876,741,36,427,107,16,541,191,144,6,0,417,466,390,280,185,6,57,126,153,110,11,14,456257,382599,191739,180760,323,99,300,73358,8791,53459,10976,743,0,460156,200291,826,151988,612,132642,311,39947,1301,1921,1724,45,7853,3749,5722,1,2150,107,13428,336
Пензенская обл.,2021,19,14,5,0,8,6,3,12,415403,8258,83972,30545,72802,13163,46482,0,125,288277,8258,78911,30545,67741,13163,46432,0,125,66152,127126,0,5061,0,5061,0,50,0,0,16123,175,11789,174,8,2,19,4,18,12,150026,88267,53478,119075,230.97,32314,12116,2168,89,17,14,9,2,87,1,1,12,14,31,11,31,7,15,3,13,1,4,11824,12.26,0,2.1,6831,2147,23167,2812,882,1042,0,431,228.4,65.2,54.5,202.6,54.1,96.1,203.9,16685,700,73.2,1801,39,543.2,735,595,8,168,19,6,473,123,139,14,0,489,500,470,221,142,5,41,80,139,250,10,3,441675,403519,287170,25248,86957,604,3805,34351,22369,197,11673,10,0,436113,217961,8516,119379,1743,74448,140,2561,0,337,579,0,1817,418,3644,0,818,96,22789,402
Самарская обл.,2021,42,24,4,14,31,30,29,36,728785,6386,280197,223063,201797,0,16641,0,327,534207,6386,280197,222693,201797,0,15794,0,280,63354,194578,0,0,370,0,0,847,0,47,1675,88,11076,88,31,5,42,4,40,24,520628,354971,253727,264865,25.08,65357,23937,4418,81,11,17,11,3,73,3,5,15,16,21,13,30,19,25,0,0,3,3,28536,7.12,17513,0.76,13311,2160,53924,11230,1669,3544,117,1061.5,760.3,571.4,287.9,301.2,180,186.3,350.2,23571,160,56.4,3541,77.5,1195.4,939,769,10,77,10,10,504,290,145,9,0,735,766,704,529,374,16,76,215,286,178,21,177,557045,472318,404606,42720,68,0,1021,83706,39939,18006,19893,8277,0,526860,347425,36214,226552,18027,853,23,10570,1160,3316,852,148,15717,4492,433,368,2394,1170,25046,3552
Саратовская обл.,2021,29,13,15,1,23,23,23,24,1127926,19697,666849,78113,489636,141145,131205,0,0,780099,19697,666849,78113,489636,141145,131205,0,0,50699,347827,0,0,0,0,0,0,0,0,14507,399,12975,359,23,7,29,6,28,11,737321,464402,395792,444058,20.34,55738,24985,4045,82,8,37,30,2,78,2,2,12,7,16,11,25,19,49,7,26,4,3,16517,7.6,11776,0.11,2063,2063,43023,8703,1218,7282,0,692.4,518.2,163.7,157,174.2,63.6,89.3,221.4,14819,866,72.9,3268,956.5,1721.8,574,433,3,181,8,15,278,166,130,13,0,802,901,747,486,383,19,80,141,241,285,16,249,643127,517056,408871,93698,14487,0,93941,32130,22434,3049,5690,665,0,634625,338236,14460,213223,8607,110548,198,32142,0,2196,3609,343,8475,2152,1431,377,1595,178,35640,139
Ульяновская обл.,2021,22,14,8,0,5,5,5,13,452155,7175,241070,19740,209260,37728,10456,0,0,385328,7175,241070,19740,197585,37728,8758,0,0,43852,66827,0,0,0,11675,0,1698,0,0,5539,28,5103,21,5,2,19,2,16,3,201512,173465,75905,190309,82.42,50713,13995,1987,70,20,19,26,1,63,1,6,20,32,23,7,26,12,37,3,11,1,5,38109,26.06,25111,0,2621,350,33915,4432,392,2185,0,582.7,390.4,121,152.6,192.3,33.5,86.1,144.5,20591,1505,160,2322,53.2,795.9,746,578,1,241,63,59,418,160,168,8,0,834,1047,833,262,220,14,39,141,149,179,30,9,603409,567173,491554,66343,528,0,2925,33311,26142,70,7095,4,0,577419,352964,4690,98426,2293,5781,94,28920,0,2271,1200,0,9139,1350,91,91,1236,236,25269,187
Уральский федеральный округ,2021,251,147,40,64,172,157,143,194,6443390,51136,3414781,1286570,2266303,756208,929309,9739,17944,4436753,51119,3154086,1039462,2112015,473026,743568,9344,13346,706275,2006637,17,260695,247108,154288,283182,185741,395,4598,441471,2377,151511,2282,172,43,235,80,226,169,3957828,2639799,1779447,2208645,1326.26,488779,154880,36283,670,41,148,195,45,552,22,96,157,162,196,118,306,124,263,14,32,36,49,233483,1857.36,39526,11.26,44052,42289,316851,108398,18448,42787,82,5519.7,3821.5,1685.1,1188.2,1698.2,626.6,890.8,1850.3,121681,6727,723.3,47788,862,7105,9163,7785,177,1519,155,77,4468,2008,2687,62,3,4603,4906,4493,2994,2160,75,486,1332,1718,1437,120,768,5074247,4624662,4075370,297977,56395,3725,56614,392971,329731,25199,36769,9391,0,5475535,3812564,130587,2630921,68651,101258,3384,111883,1740,24623,22897,3873,149390,24885,9354,522,21342,3624,169903,16946
Курганская обл.,2021,23,11,,12,5,4,4,18,488109,3537,278664,76487,184041,48985,0,0,665,360658,3537,278664,76149,184041,48985,0,0,665,57438,127451,0,0,338,0,0,0,0,0,4565,0,13033,0,5,2,20,4,21,14,46321,29974,29887,203307,8,14322,8187,1294,24,2,8,7,1,22,1,1,5,5,6,2,5,2,4,1,1,0,0,2423,1.59,0,0,124,93,12324,796,656,38,0,280.7,127.9,66.7,59.9,152.8,99.3,78.7,52.3,6246,550,81.6,3197,49.7,412,712,648,25,94,15,7,391,176,145,0,0,173,171,166,165,121,0,40,52,56,58,6,20,99962,92286,68419,13461,0,300,3501,4175,3587,34,454,102,0,99238,72055,791,66894,198,3633,240,3018,2,420,0,0,67,0,0,0,67,0,1065,1
Свердловская обл.,2021,103,48,31,24,61,51,45,73,2565051,23046,1585897,401575,1327548,306403,436403,4059,5391,1816387,23046,1358578,395633,1182693,175442,395408,3664,3862,356712,748664,0,227319,5942,144855,130961,40995,395,1529,217856,1198,45496,1157,61,14,94,29,88,58,999041,574601,453776,637758,134.94,263043,79410,16808,320,26,101,114,39,256,18,46,83,87,93,69,185,24,47,4,12,17,21,110930,160.83,9295,0.9,11940,11341,148109,66588,2951,25031,0,1818.3,1277.1,487.4,333,541.2,180.9,265.8,871.4,44462,3368,325.2,9372,207.5,2351,3748,3232,51,671,53,33,1747,776,1225,36,2,2073,2206,2020,1226,798,28,230,663,766,589,65,429,1828015,1601041,1418950,130694,45881,2381,16361,210613,179940,13909,16762,4783,0,1810476,1110854,71532,661232,39509,67234,2914,48176,954,12856,16659,3079,63398,8801,8376,437,8106,2389,56089,5754
Тюменская обл.,2021,19,4,,15,13,13,12,17,1043216,8898,628092,25583,386767,0,43040,0,740,713838,8898,628092,24937,384447,0,34635,0,480,103184,329378,0,0,646,2320,0,8405,0,260,100863,251,25916,231,13,4,18,6,17,17,979900,606384,411074,447059,443.55,81105,19500,8965,95,8,13,35,1,77,0,18,21,22,24,2,6,42,122,0,0,1,1,51226,3.52,13953,0,296,0,65269,15822,9587,5310,0,2217.4,1695.7,917.5,548.8,521.7,222.3,293.8,148.2,33598,5,65,21589,350.2,2632.6,941,774,29,163,10,11,519,177,245,1,0,493,521,490,308,263,11,43,135,243,108,11,85,738223,666966,602214,64613,0,0,1303,69954,64899,1474,3581,3151,0,715690,416010,19363,228159,10424,14739,0,18669,0,2056,660,30,17366,986,348,0,2993,500,52363,10501
Челябинская обл.,2021,48,43,,5,39,38,31,36,1139402,12452,508948,225232,250435,5893,94228,0,2760,735539,12439,479846,170892,246727,5893,56741,0,2051,92819,403863,13,29102,54340,3708,0,37487,0,709,81827,207,35218,204,39,7,47,16,47,32,736761,507875,336462,385219,610.72,51161,20892,3799,107,5,19,30,2,100,0,7,5,9,24,22,50,17,29,9,19,15,23,19253,85.42,761,0.3,9228,5425,34900,5132,1736,3084,0,593.2,331.7,100.3,95.7,261.5,51.4,134.7,182.8,16296,1060,103.2,4498,95.7,792.1,1188,1052,53,289,38,11,552,392,244,6,0,746,865,730,514,389,19,64,232,262,236,14,85,539092,468916,378798,38963,408,0,16575,53601,51215,942,1335,617,0,1026293,874004,16762,773959,11280,14981,230,14900,16,4701,754,40,31208,10779,86,84,1504,144,8837,507
Ханты-Мансийский а.о-Югра,2021,39,26,5,8,35,33,33,33,725331,2557,271712,275677,86913,177647,222402,5680,8377,527573,2557,268307,236843,83508,143234,168616,5680,6277,55107,197758,0,3405,38834,3405,34413,53786,0,2100,20165,463,16543,457,35,13,37,16,34,30,713524,473712,405500,323679,91.53,59960,19852,3969,84,0,7,9,2,72,3,9,31,30,38,15,41,33,48,0,0,3,4,34834,1601.26,13584,10.06,18095,22618,38345,15960,2672,7776,0,383.4,265.8,51.1,87.8,117.6,19.6,64.2,153.2,8566,881,62.6,4666,104.4,550.4,1479,1276,12,237,37,7,828,267,384,14,1,756,751,725,554,445,14,85,182,252,291,17,78,1098664,1056481,962153,22195,0,221,13315,28868,13672,4191,9944,725,0,1067514,755420,13211,538540,2942,671,0,13674,515,2853,2747,612,6550,1273,413,0,5661,591,40417,183
Ямало-Ненецкий а.о.,2021,19,15,4,0,19,18,18,17,482281,646,141468,282016,30599,217280,133236,0,11,282758,642,140599,135008,30599,99472,88168,0,11,41015,199523,4,869,147008,0,117808,45068,0,0,16195,258,15305,233,19,3,19,9,19,18,482281,447253,142748,211623,37.52,19188,7039,1448,40,0,0,0,0,25,0,15,12,9,11,8,19,6,13,0,0,0,0,14817,4.74,1933,0,4369,2812,17904,4100,846,1548,82,226.7,123.3,62.1,63,103.4,53.1,53.6,442.4,12513,863,85.7,4466,54.5,366.9,1095,803,7,65,2,8,431,220,444,5,0,362,392,362,227,144,3,24,68,139,155,7,71,770291,738972,644836,28051,10106,823,5559,25760,16418,4649,4693,13,0,756324,584221,8928,362137,4298,0,0,13446,253,1737,2077,112,30801,3046,131,1,3011,0,11132,0
Сибирский федеральный округ,2021,383,238,65,80,185,161,147,303,7394817,55229,3237678,1200005,2218045,1111131,1048732,322,2985,5095854,55228,3228792,1196326,2213521,764376,723228,322,2206,948276,2298963,1,8886,3679,4524,346755,325504,0,779,658411,1446,198279,1344,185,107,362,142,336,222,3060314,2268810,1695805,2327714,934.66,385806.38,169125.58,41858.4,1353,238,146,132,17,1143,43,167,56,59,209,160,483,116,267,11,15,45,220,169331,4479.62,68735,8.11,78101,55610,319780.38,40931,12734,19543,279,5746.5,3562.4,1898.6,1348.3,2184.1,1103.2,1094.5,3803,158151,8513,941,33294,856.9,7544.4,12616,10416,128,2649,410,56,6509,2710,3397,59,3,5775,6055,5497,3568,2521,121,722,1592,2079,1784,159,465,4844532,4243286,3687664,270626,61169,5625,53564,547682,373287,82027,60254,14780,0,5195441,3579318,144790,2407082,47887,126889,2470,110729,4538,24187,45218,3259,112505,41148,13593,1826,17506,4073,168694,10106
Респ. Алтай,2021,11,4,6,1,2,2,2,1,85375,326,66590,0,30958,38543,170,322,7,72741,326,66590,0,30958,38543,170,322,7,11773,12634,0,0,0,0,0,0,0,0,2980,32,1055,12,2,1,8,2,3,3,20694,20694,20694,20644,69.86,8512,3766,740,17,0,1,3,2,15,2,0,1,1,9,2,4,7,21,0,0,2,2,7330,3501,0,0,3501,3501,7858,3849,690,3159,0,51.5,32.8,18.2,12.2,18.7,5.1,4,138.7,3808,146,3.4,112,1.4,56.3,146,100,1,62,1,2,98,34,14,0,0,100,108,101,60,56,6,1,42,27,28,3,3,106277,95395,13777,1397,4263,0,1425,9457,708,0,8684,64,0,106183,42992,2488,41023,802,4263,0,1245,216,590,2745,1738,1200,0,527,527,0,0,5027,0
Респ. Тыва,2021,10,1,9,0,1,1,1,1,164339,6774,50110,0,42302,120494,0,0,0,125190,6774,50016,0,42208,81770,0,0,0,10705,39149,0,94,0,94,38724,0,0,0,3030,188,1113,188,1,1,7,4,8,5,87681,80881,68615,68615,33.76,11796,3716,745,26,1,19,2,0,9,0,17,0,0,5,7,13,5,16,1,1,0,0,7999,2.31,637,0,4030,2299,11490,637,637,0,0,48.8,30.4,5.6,8.2,18.4,3.3,5.5,8.2,2676,52,6.9,190,5.8,61.5,136,135,0,27,3,0,53,9,74,5,0,145,145,145,79,78,5,1,56,39,50,2,0,105445,100281,99804,477,0,0,0,5164,3982,0,1182,1182,0,105445,77633,0,48132,0,0,0,2055,1983,72,131,131,0,0,0,0,0,0,25626,5164
Респ. Хакасия,2021,23,20,3,0,3,3,3,19,297928,1681,151943,0,73529,31903,65678,0,63,205210,1681,151943,0,73529,31693,63649,0,63,37535,92718,0,0,0,0,210,2029,0,0,320,4,4989,4,3,3,17,3,22,10,116836,61001,56805,93452,136.38,32071,9702,2491,92,0,0,4,0,72,0,20,1,2,24,8,25,2,2,3,3,4,7,27244,401.98,25497,0,26594,26406,30237,3014,2074,0,140,320.9,192,67.9,63.4,128.9,42.4,42,132,11121,299,53.7,1893,60.5,435.1,567,510,7,181,18,0,283,111,173,5,0,198,193,176,112,91,5,18,65,68,41,2,19,219199,203409,183476,11881,100,765,0,15790,11892,695,3159,7,0,216363,78007,1375,53233,689,4571,0,7092,38,375,8812,67,2354,1723,735,0,942,886,3103,192
Алтайский край,2021,71,16,5,50,17,15,15,67,1085627,4405,515570,309887,360126,112741,237714,0,44,835633,4405,515570,309094,357425,112741,233797,0,25,173085,249994,0,0,793,2701,0,3917,0,19,18632,49,28633,44,17,9,71,17,60,36,250613,171558,126805,362444,18.92,36355,19748,4537,107,3,21,9,0,85,8,14,7,4,17,14,39,8,17,3,4,6,14,25116,6.93,17533,1.85,148,0,29514,2274,470,1502,0,439.9,228.6,91.8,87,211.3,73.6,114.8,218.1,16602,1473,159,3007,118.9,717.8,2002,1865,9,544,68,4,1116,396,490,5,0,503,541,473,278,210,8,49,135,164,170,16,3,289940,269620,207059,29217,18786,3237,1752,18568,8696,1628,6723,2784,0,720262,589349,4374,533641,834,19385,87,18876,8,1009,4891,5,3409,909,3600,0,1721,78,14182,671
Красноярский край,2021,71,51,13,7,56,50,48,54,1663570,17429,790858,229158,631802,405822,535574,0,1625,1026038,17429,789192,229158,630136,145005,240518,0,968,197500,637532,0,1666,0,1666,260817,295056,0,657,209916,238,50770,226,56,35,68,35,57,45,912803,637080,529951,480528,57.53,96603,36387,9782,408,214,23,29,3,384,7,17,17,13,43,17,75,36,92,0,0,7,33,35076,35.53,7242,4.5,14248,9053,82907,7941,3011,3404,61,1422.3,866.3,743.3,404.8,556,410.5,251.9,563.8,40140,580,42.8,6100,125.3,1590.4,2073,1882,54,335,42,20,984,446,643,15,1,1321,1396,1288,982,588,18,219,348,518,422,46,105,1362369,1208671,1136974,55356,13737,0,12952,140746,75946,52909,11744,2558,0,1331014,919757,4147,625367,1299,9807,50,31122,1798,1599,11686,0,22362,3040,5962,0,5111,657,40585,0
Иркутская обл.,2021,50,35,7,8,22,20,14,38,1150301,2821,456861,206811,329872,119303,116382,0,347,689575,2821,456861,206811,329809,119303,116158,0,344,100106,460726,0,0,0,63,0,224,0,3,164677,165,31687,135,22,12,46,19,46,25,375266,332451,118977,200198,142.83,51477.38,24915.58,7531.4,326,12,29,20,7,250,1,75,14,17,34,32,93,23,43,1,1,5,12,25912,32.11,4770,1.51,2864,1801,40806.38,3230,1051,1559,0,566.1,331.7,58.8,94.9,234.4,34.6,87.7,452.5,20658,1330,141.8,4749,94.6,802.5,1405,1013,17,328,18,9,551,435,419,16,2,1050,1045,997,490,372,27,99,285,416,295,26,40,935172,800543,663200,79426,548,695,4199,130430,77843,14684,7721,3960,0,906899,650674,29031,347973,3780,61457,1023,15013,306,5268,4140,155,14147,10782,394,144,1333,107,26847,1089
Кемеровская обл. - Кузбасс,2021,46,35,3,8,12,12,11,42,985112,6196,356188,283768,130029,1731,0,0,443,639459,6196,356188,283768,130029,1731,0,0,398,143756,345653,0,0,0,0,0,0,0,45,12220,40,30053,40,12,14,46,28,44,38,208622,196854,149107,377627,380.04,35429,16353,3485,159,2,10,18,0,150,3,6,1,1,10,24,73,14,39,0,0,1,3,7846,7.27,73,0,2496,1654,23065,2468,980,1373,0,1166.8,702.3,440.4,279.5,464.5,305.6,238.6,538.8,26339,1024,291.5,5208,180.1,1638.4,1800,1442,7,339,46,8,867,343,590,6,0,695,694,654,413,293,16,71,198,231,202,24,77,561757,435127,383109,22175,23340,148,16643,109987,93266,5276,11444,1729,0,550648,348280,72511,199663,23053,23230,15,14166,103,4436,1752,174,12137,5658,479,307,2568,1288,17533,1696
Новосибирская обл.,2021,42,30,11,1,38,27,23,30,715911,3984,291797,135410,174735,36397,17126,0,153,471833,3983,290572,132524,174735,36397,17126,0,103,112800,244078,1,1225,2886,0,0,0,0,50,61237,295,28451,295,38,16,41,16,38,23,439213,391141,354157,280031,19.43,41972,20751,4160,63,1,15,12,2,50,10,3,7,13,27,12,43,2,4,1,2,2,122,9216,9.18,753,0.25,12347,1334,36331,4424,2283,1389,0,499.5,324.4,171,134.2,175.1,108.5,107.9,1174.2,13085,857,68.6,3415,95.1,663.2,1679,1281,6,430,70,5,897,417,365,1,0,673,744,638,445,301,8,123,216,235,181,13,149,550867,493026,432524,18001,371,0,9951,47890,42278,248,5363,2406,0,537449,393280,6892,267958,7291,2339,147,5802,70,3856,4901,202,31235,12943,955,618,2648,419,14464,89
Омская обл.,2021,41,37,,4,22,19,19,40,739369,8258,192330,7672,189639,122425,24343,0,28,593146,8258,186713,7672,189639,116720,18081,0,23,124860,146223,0,5617,0,0,5705,6262,0,5,134288,227,15243,195,22,9,41,12,41,26,409763,266424,192689,308859,61.94,50225,25384,4707,99,0,25,24,2,83,5,11,6,4,25,35,103,15,26,2,4,17,26,18175,476.86,11539,0,11873,9562,40664,10664,721,5715,78,904.4,587.5,203.3,203,316.9,105.8,207.5,266.3,18807,2416,154.7,5749,131.7,1190.8,1755,1501,13,287,131,4,983,308,464,4,0,705,772,681,496,370,15,113,151,245,284,17,41,464626,418761,378368,25673,0,780,6348,39517,33831,3778,1766,90,0,471686,306571,10754,200496,6057,1801,1145,8059,16,3909,2073,739,22306,3987,935,224,1941,605,14464,705
Томская обл.,2021,18,9,8,1,12,12,11,11,507285,3355,365431,27299,255053,121772,51745,0,275,437029,3355,365147,27299,255053,80473,33729,0,275,36156,70256,0,284,0,0,41299,18016,0,0,51111,208,6285,205,12,7,17,6,17,11,238823,110726,78005,135316,13.97,21366,8403,3680,56,5,3,11,1,45,7,4,2,4,15,9,15,4,7,0,0,1,1,5417,6.45,691,0,0,0,16908,2430,817,1442,0,326.3,266.4,98.3,61.1,59.9,13.8,34.6,310.4,4915,336,18.6,2871,43.5,388.4,1053,687,14,116,13,4,677,211,165,2,0,385,417,344,213,162,13,28,96,136,111,10,28,248880,218453,189373,27023,24,0,294,30133,24845,2809,2468,0,0,249492,172775,13218,89596,4082,36,3,7299,0,3073,4087,48,3355,2106,6,6,1242,33,6863,500
Дальневосточный федеральный округ,2021,268,185,42,41,131,114,86,156,5336543,50048,2050673,1021662,1347792,734996,768235,4917,4863,3608831,50040,1963418,845556,1269532,639275,606023,4877,4722,589902,1727712,8,87255,176106,78260,95721,162212,40,141,108799,1440,138770,1277,131,52,233,62,218,128,2127624,1551083,857779,1387256,1618.79,325941,109996,19441,680,196,62,187,19,591,24,65,35,46,114,134,298,95,165,49,44,72,68,102309,13628.15,21907,0.96,64772,25861,161449,37697,7907,18134,360,2564.7,1667.4,622.2,639.3,897.3,302.2,441.4,1104.2,70528,6283,424.2,20041,387.3,3376.2,6518,5691,189,2312,452,75,3679,1340,1499,60,2,3153,3280,3033,2099,1559,52,386,875,1124,968,84,398,3669094,3404708,2871051,212843,35313,1998,57298,205637,145180,31124,22118,4390,1451,3596539,2463240,53079,1751514,23417,85173,802,94972,3198,19750,10392,3182,102912,14876,1397,569,11207,1587,110612,2188
Респ. Бурятия,2021,17,10,,7,9,7,5,11,333261,5927,188144,22498,159302,21873,12947,0,4,215180,5927,188144,19684,159031,21602,11495,0,0,28955,118081,0,0,2814,271,271,1452,0,4,30894,64,6506,55,9,3,17,6,15,6,121471,76248,15869,58688,82.87,16913,10101,2661,78,25,14,48,1,76,0,2,0,3,14,13,42,6,10,0,0,6,10,12581,3779.06,311,0,456,0,13986,6116,2186,3730,125,336.4,290.6,86.6,112.7,45.8,24.7,18.1,27.1,3859,510,33,665,21,390.4,402,302,2,148,16,2,208,99,95,5,0,231,260,226,162,126,2,26,79,70,75,10,8,217910,167064,130428,29003,2956,0,11445,37950,35284,1184,873,525,1451,204897,124290,11856,87939,778,27493,18,6302,915,1069,762,433,20595,951,168,55,555,20,2021,298
Респ. Саха (Якутия),2021,95,56,28,11,46,40,20,35,788051,2913,232984,429461,284025,205038,206346,1829,150,533203,2913,159431,298755,215374,114708,136981,1829,150,138188,254848,0,73553,130706,68651,90330,69365,0,0,7620,300,54261,276,46,8,70,18,65,21,262874,186781,83761,101628,137.58,63516,35339,3982,245,23,16,43,12,207,0,38,4,6,35,42,110,13,44,4,20,5,7,31568,6154.3,11646,0.02,22642,3,42209,10127,393,6145,0,410.1,291.4,125.5,94.7,118.7,42.6,54.2,208.8,12250,941,54.2,3125,52.8,517.1,1775,1702,0,999,173,9,1136,249,390,16,0,731,718,702,474,370,14,95,164,269,238,25,27,937562,910319,655640,47628,8732,303,2521,24722,20334,808,2309,1205,0,904193,641874,2519,542739,1772,16748,170,10978,1057,1569,784,51,3919,1385,298,137,1834,196,15881,21
Забайкальский край,2021,29,23,,6,4,4,4,16,470330,14724,71793,45815,0,2867,18127,0,0,306997,14724,65587,36297,0,2867,16761,0,0,72951,163333,0,6206,9518,0,0,1366,0,0,6484,16,19069,16,4,3,25,8,24,10,118348,88817,86136,120412,9.91,20686,12514,1998,36,5,3,15,1,34,1,1,4,3,13,12,38,5,15,1,1,2,2,8041,222.78,1006,0,6562,1190,18972,701,191,400,25,248.2,163.4,90.5,43.2,84.8,29.4,32.9,29.4,7414,874,83.8,1274,32.7,364.7,762,545,13,208,66,8,495,127,140,5,0,227,270,212,159,111,5,41,52,86,69,7,24,193556,156608,139643,10491,24,53,5640,31308,7563,13109,8645,2004,0,152562,103441,1555,73303,609,2197,575,7417,14,3003,133,83,1815,1711,125,125,157,157,1208,618
Камчатский край,2021,14,12,,2,13,12,9,10,261848,146,140132,9006,0,0,4500,0,137,196335,146,140132,9006,0,0,4500,0,98,25369,65513,0,0,0,0,0,0,0,39,240,0,7939,0,13,4,14,3,13,13,79800,68352,41300,52371,7.35,5592,2543,604,17,0,2,5,0,15,2,0,7,5,5,7,16,2,6,0,2,2,2,2845,3082.28,168,0,1905,423,4337,731,186,411,0,161.9,120.2,86.3,46.4,41.7,11.3,21.7,94.5,2637,152,16.5,502,13.1,191.5,504,435,42,84,37,11,295,68,141,0,0,125,139,123,73,46,1,11,23,57,41,1,14,187201,179626,154025,8820,30,0,4136,3439,2129,0,1119,0,0,184733,109851,1130,81761,678,4863,0,2655,0,810,2238,47,17127,655,0,0,1469,284,2200,36
Приморский край,2021,25,14,9,2,12,10,8,16,920165,11129,588485,112485,286923,238401,147953,3058,3390,698304,11129,585069,82193,283507,238401,94872,3018,3390,50229,221861,0,3416,30292,3416,0,53081,40,0,15519,309,9417,263,12,4,22,5,21,17,378270,264209,31385,214139,1349.92,140752,12403,3137,179,138,12,40,2,166,1,12,8,7,12,6,13,10,21,9,12,5,7,8934,4.01,2849,0,6822,3892,19775,1785,1627,68,75,295.4,147,47.4,51.5,148.4,51,72.6,179.9,14195,737,65.3,3768,76.5,437.2,526,338,12,234,18,7,201,203,122,4,2,516,539,508,358,278,12,66,218,166,124,8,116,466058,419843,368683,19625,0,0,2938,43277,33806,2777,4105,534,0,503527,326977,14524,211157,7123,10388,39,29741,715,2452,1628,804,10938,4194,68,13,1531,372,49894,534
Хабаровский край,2021,21,17,,4,12,11,11,18,982269,4141,206882,142266,254083,133199,143405,0,74,575316,4141,206882,142266,254083,133199,143405,0,15,69434,406953,0,0,0,0,0,0,0,59,11551,522,11588,444,12,10,20,8,18,15,493645,273804,221497,286920,4.79,23640,12994,2556,31,4,5,6,0,27,3,1,2,3,5,6,19,10,37,1,2,4,7,6335,2.56,156,0.42,6795,4213,13281,4774,1381,1691,35,300.4,183.7,61,74.2,116.7,30.2,72.5,236.4,8313,623,44.6,2776,44.1,389.1,759,746,6,144,1,2,366,187,206,8,0,462,492,455,302,213,6,46,101,175,179,18,130,391248,344343,321502,7974,4505,100,19319,27586,23683,2024,1864,14,0,410376,316034,10597,211984,7641,703,0,12371,151,8442,1018,428,9806,2414,366,206,607,364,10810,578
Амурская обл.,2021,22,18,4,0,4,4,4,19,517261,2535,225256,239969,128586,0,187682,0,1085,383620,2534,221176,239336,128586,0,158329,0,1046,134632,133641,1,4080,633,0,0,29353,0,39,5162,0,13835,0,4,5,22,4,22,17,92709,85861,82326,194780,12.46,15003,7048,1512,27,1,3,10,0,22,3,2,3,3,12,7,26,6,12,1,1,11,24,4495,10.59,2319,0.35,1507,786,12588,1374,253,829,0,312.2,182.9,49.2,94.3,129.3,39.5,71.7,160.9,6491,94,24.3,3838,66.6,403.1,756,683,55,154,8,16,416,178,162,6,0,170,169,160,102,77,0,22,35,47,57,1,17,167772,158016,135510,14835,1144,40,383,9373,7537,304,1423,108,0,161467,117592,4370,70545,2204,4539,0,3241,3,457,560,0,6580,1607,0,0,910,125,2570,32
Магаданская обл.,2021,9,5,,4,5,4,4,7,320776,862,110106,4944,81178,0,22564,0,19,134704,855,110106,2801,75256,0,20421,0,19,10426,186072,7,0,2143,5922,0,2143,0,0,4900,15,3089,15,5,0,9,0,9,9,126597,113003,80323,82847,4.16,6278,2442,725,11,0,1,4,1,7,2,2,0,5,2,29,4,31,1,31,0,32,0,1803,0.3,572,0,406,0,4881,653,343,310,0,20.8,11.8,1.7,2.7,9,0.7,4.2,12.5,1746,103,3.3,71,1.1,25.2,77,60,14,48,24,14,56,5,16,3,0,127,132,124,96,59,4,19,21,59,44,3,14,169541,166872,121921,25295,15272,872,1717,952,214,64,674,0,0,154402,131269,4,123402,0,15385,0,280,25,69,222,13,158,158,255,33,121,0,2365,0
Сахалинская обл.,2021,21,20,,1,20,16,15,13,541747,6997,227112,4447,107142,108993,8625,30,4,412199,6997,227112,4447,107142,108993,8293,30,4,36326,129548,0,0,0,0,0,332,0,0,24496,212,6464,207,20,12,21,8,21,15,364507,332974,162185,197280,9.28,27873,11669,1703,36,0,5,9,2,27,3,6,5,9,11,8,19,9,17,1,4,2,5,23774,371.99,2880,0.17,17190,14867,26415,9970,1211,4159,50,428.4,249.5,67.4,110.2,178.9,66.9,78.4,128.5,11513,1620,83.9,2953,62.3,574.6,625,606,3,174,61,3,300,153,172,4,0,445,446,424,296,224,7,46,152,165,103,9,24,763248,732802,693663,31534,2650,0,8834,21612,13962,6773,437,0,0,748706,472189,6039,260850,2212,1262,0,18061,160,1879,2460,1303,27828,1513,117,0,2553,63,20727,71
Чукотский а.о.,2021,9,5,1,3,6,6,6,8,107313,556,52620,10771,28811,19916,16028,0,0,82689,556,52620,10771,28811,14796,10908,0,0,8069,24624,0,0,0,0,5120,5120,0,0,770,2,1807,1,6,2,7,2,5,5,89403,61034,52997,53979,0.47,4447,2090,396,12,0,0,3,0,6,6,0,2,1,4,3,9,3,2,0,0,3,4,1798,0.28,0,0,487,487,4195,1354,107,308,50,33,19.9,3.8,6.7,13.1,0.8,9.7,21.5,1141,526,11.9,792,11,55.9,220,209,42,62,9,3,154,29,37,7,0,88,83,69,53,37,1,9,22,22,25,1,20,154361,149517,131359,17528,0,630,0,4844,668,4081,95,0,0,151302,101679,188,73920,181,1595,0,3596,158,0,587,20,3122,22,0,0,1379,0,2554,0
Еврейская авт.обл.,2021,6,5,,1,0,0,0,3,93522,118,7159,0,17742,4709,58,0,0,70284,118,7159,0,17742,4709,58,0,0,15323,23238,0,0,0,0,0,0,0,0,1163,0,4795,0,0,1,6,0,5,0,0,0,0,24212,0,1241,853,167,8,0,1,4,0,4,3,1,0,1,1,1,2,0,0,1,2,0,0,135,0,0,0,0,0,810,112,29,83,0,17.9,7,2.8,2.7,10.9,5.1,5.4,4.7,969,103,3.4,277,6.1,27.4,112,65,0,57,39,0,52,42,18,2,0,31,32,30,24,18,0,5,8,8,13,1,4,20637,19698,18677,110,0,0,365,574,0,0,574,0,0,20374,18044,297,13914,219,0,0,330,0,0,0,0,1024,266,0,0,91,6,382,0